case_id,stratum,selection_order,reviewer_order,random_seed,sampling_method,population_size,stratum_population_size,stratum_sample_size,sampling_fraction,eligibility_source,eligibility_source_sha256,stage_c_authority_source,stage_c_authority_sha256,stage_c_record,stage_c_record_sha256,repository_remote,reviewer_a_evidence_path,reviewer_b_evidence_path,sampling_procedure_version
CASE_26F615E94B29,PA,15,1,20261005,proportional_stratified_random_without_replacement,111,68,20,0.2972972973,cases/manifests/post_stage_c_eligibility.csv,53fd64e0a1dc86cedaa99a088e9b2bc48d45716e01189a3a63ca96a2d786f366,cases/manifests/stage_c_post_resolution_authority.csv,03682e1d5071e5e0cf5219fd647cf7311ee581feb44f07d13e0c863c95a171cb,cases/conversations/CASE_26F615E94B29/stage_c_extraction_v5.json,a058b9c9acd61449a8ba7022e7e50b376901f4811636814698ae18a8d0434455,https://github.com/unlv-evol/DIR.git,cases/stage_d/reviewer_A/cases/CASE_26F615E94B29.json,cases/stage_d/reviewer_B/cases/CASE_26F615E94B29.json,stage-d-stratified-validation-v1
CASE_1C3B62857D19,PA,19,2,20261005,proportional_stratified_random_without_replacement,111,68,20,0.2972972973,cases/manifests/post_stage_c_eligibility.csv,53fd64e0a1dc86cedaa99a088e9b2bc48d45716e01189a3a63ca96a2d786f366,cases/manifests/stage_c_post_resolution_authority.csv,03682e1d5071e5e0cf5219fd647cf7311ee581feb44f07d13e0c863c95a171cb,cases/conversations/CASE_1C3B62857D19/stage_c_extraction_v5.json,76caf8d9adcaeef619944d955416d706ba363c9750cf1e6038f26a767582bc7e,https://github.com/unlv-evol/DIR.git,cases/stage_d/reviewer_A/cases/CASE_1C3B62857D19.json,cases/stage_d/reviewer_B/cases/CASE_1C3B62857D19.json,stage-d-stratified-validation-v1
CASE_8A756AAC10B8,PN,26,3,20261005,proportional_stratified_random_without_replacement,111,43,13,0.2972972973,cases/manifests/post_stage_c_eligibility.csv,53fd64e0a1dc86cedaa99a088e9b2bc48d45716e01189a3a63ca96a2d786f366,cases/manifests/stage_c_post_resolution_authority.csv,03682e1d5071e5e0cf5219fd647cf7311ee581feb44f07d13e0c863c95a171cb,cases/conversations/CASE_8A756AAC10B8/stage_c_extraction_v5.json,1e5a700197e6a3dfd7769a3a95093f939506ae394fe39c929adf9e9447f65422,https://github.com/unlv-evol/DIR.git,cases/stage_d/reviewer_A/cases/CASE_8A756AAC10B8.json,cases/stage_d/reviewer_B/cases/CASE_8A756AAC10B8.json,stage-d-stratified-validation-v1
CASE_7351FB1ECD56,PA,14,4,20261005,proportional_stratified_random_without_replacement,111,68,20,0.2972972973,cases/manifests/post_stage_c_eligibility.csv,53fd64e0a1dc86cedaa99a088e9b2bc48d45716e01189a3a63ca96a2d786f366,cases/manifests/stage_c_post_resolution_authority.csv,03682e1d5071e5e0cf5219fd647cf7311ee581feb44f07d13e0c863c95a171cb,cases/conversations/CASE_7351FB1ECD56/stage_c_extraction_v5.json,21e608b5f5ae00aea53e0bc76f9c411a6d1ce0d1165de25a7e3c9c4c76faa1de,https://github.com/unlv-evol/DIR.git,cases/stage_d/reviewer_A/cases/CASE_7351FB1ECD56.json,cases/stage_d/reviewer_B/cases/CASE_7351FB1ECD56.json,stage-d-stratified-validation-v1
CASE_50556C8D545F,PN,30,5,20261005,proportional_stratified_random_without_replacement,111,43,13,0.2972972973,cases/manifests/post_stage_c_eligibility.csv,53fd64e0a1dc86cedaa99a088e9b2bc48d45716e01189a3a63ca96a2d786f366,cases/manifests/stage_c_post_resolution_authority.csv,03682e1d5071e5e0cf5219fd647cf7311ee581feb44f07d13e0c863c95a171cb,cases/conversations/CASE_50556C8D545F/stage_c_extraction_v5.json,87b32bc1584cab422fcdae4c6bd9374d02203ac58f3982b3a1ee0b64ee71bcdb,https://github.com/unlv-evol/DIR.git,cases/stage_d/reviewer_A/cases/CASE_50556C8D545F.json,cases/stage_d/reviewer_B/cases/CASE_50556C8D545F.json,stage-d-stratified-validation-v1
CASE_9E4D3DF1CDB9,PN,21,6,20261005,proportional_stratified_random_without_replacement,111,43,13,0.2972972973,cases/manifests/post_stage_c_eligibility.csv,53fd64e0a1dc86cedaa99a088e9b2bc48d45716e01189a3a63ca96a2d786f366,cases/manifests/stage_c_post_resolution_authority.csv,03682e1d5071e5e0cf5219fd647cf7311ee581feb44f07d13e0c863c95a171cb,cases/conversations/CASE_9E4D3DF1CDB9/stage_c_extraction_v5.json,56e0ab58702ebeb8a2dccc5b9c8a681996184fcf3318005d275da687ee46a49a,https://github.com/unlv-evol/DIR.git,cases/stage_d/reviewer_A/cases/CASE_9E4D3DF1CDB9.json,cases/stage_d/reviewer_B/cases/CASE_9E4D3DF1CDB9.json,stage-d-stratified-validation-v1
CASE_978B83E2DF72,PA,4,7,20261005,proportional_stratified_random_without_replacement,111,68,20,0.2972972973,cases/manifests/post_stage_c_eligibility.csv,53fd64e0a1dc86cedaa99a088e9b2bc48d45716e01189a3a63ca96a2d786f366,cases/manifests/stage_c_post_resolution_authority.csv,03682e1d5071e5e0cf5219fd647cf7311ee581feb44f07d13e0c863c95a171cb,cases/conversations/CASE_978B83E2DF72/stage_c_extraction_v5.json,7d34b3b7eefece5c8623ad03b405fe5e1092427c32e96e61ad3228d34b42481f,https://github.com/unlv-evol/DIR.git,cases/stage_d/reviewer_A/cases/CASE_978B83E2DF72.json,cases/stage_d/reviewer_B/cases/CASE_978B83E2DF72.json,stage-d-stratified-validation-v1
CASE_188C69620856,PA,13,8,20261005,proportional_stratified_random_without_replacement,111,68,20,0.2972972973,cases/manifests/post_stage_c_eligibility.csv,53fd64e0a1dc86cedaa99a088e9b2bc48d45716e01189a3a63ca96a2d786f366,cases/manifests/stage_c_post_resolution_authority.csv,03682e1d5071e5e0cf5219fd647cf7311ee581feb44f07d13e0c863c95a171cb,cases/conversations/CASE_188C69620856/stage_c_extraction_v5.json,d75982eb85b0ed9eb34604b992da2ec466dad923a0eedfe7b3ff71d97c200c12,https://github.com/unlv-evol/DIR.git,cases/stage_d/reviewer_A/cases/CASE_188C69620856.json,cases/stage_d/reviewer_B/cases/CASE_188C69620856.json,stage-d-stratified-validation-v1
CASE_EE7F13CD9FB7,PN,31,9,20261005,proportional_stratified_random_without_replacement,111,43,13,0.2972972973,cases/manifests/post_stage_c_eligibility.csv,53fd64e0a1dc86cedaa99a088e9b2bc48d45716e01189a3a63ca96a2d786f366,cases/manifests/stage_c_post_resolution_authority.csv,03682e1d5071e5e0cf5219fd647cf7311ee581feb44f07d13e0c863c95a171cb,cases/conversations/CASE_EE7F13CD9FB7/stage_c_extraction_v5.json,5cd287d54384a63894db9b75369dcae747f79f9e50e7c9a57432cafc25e5fe5d,https://github.com/unlv-evol/DIR.git,cases/stage_d/reviewer_A/cases/CASE_EE7F13CD9FB7.json,cases/stage_d/reviewer_B/cases/CASE_EE7F13CD9FB7.json,stage-d-stratified-validation-v1
CASE_AD8C4F13A90B,PN,23,10,20261005,proportional_stratified_random_without_replacement,111,43,13,0.2972972973,cases/manifests/post_stage_c_eligibility.csv,53fd64e0a1dc86cedaa99a088e9b2bc48d45716e01189a3a63ca96a2d786f366,cases/manifests/stage_c_post_resolution_authority.csv,03682e1d5071e5e0cf5219fd647cf7311ee581feb44f07d13e0c863c95a171cb,cases/conversations/CASE_AD8C4F13A90B/stage_c_extraction_v5.json,e6770ee2b0eb7a0d0d01f519c1301db4a1224e12a6cc7d6a6311bfdc551f28d6,https://github.com/unlv-evol/DIR.git,cases/stage_d/reviewer_A/cases/CASE_AD8C4F13A90B.json,cases/stage_d/reviewer_B/cases/CASE_AD8C4F13A90B.json,stage-d-stratified-validation-v1
CASE_091B52A05DEF,PA,9,11,20261005,proportional_stratified_random_without_replacement,111,68,20,0.2972972973,cases/manifests/post_stage_c_eligibility.csv,53fd64e0a1dc86cedaa99a088e9b2bc48d45716e01189a3a63ca96a2d786f366,cases/manifests/stage_c_post_resolution_authority.csv,03682e1d5071e5e0cf5219fd647cf7311ee581feb44f07d13e0c863c95a171cb,cases/conversations/CASE_091B52A05DEF/stage_c_extraction_v5_post_c_resolution_v5_retry_01.json,377005efe9c58ac1d781e07f60b714c0ed411c7208f139d459b5079043292887,https://github.com/unlv-evol/DIR.git,cases/stage_d/reviewer_A/cases/CASE_091B52A05DEF.json,cases/stage_d/reviewer_B/cases/CASE_091B52A05DEF.json,stage-d-stratified-validation-v1
CASE_6C65BC36BF60,PA,16,12,20261005,proportional_stratified_random_without_replacement,111,68,20,0.2972972973,cases/manifests/post_stage_c_eligibility.csv,53fd64e0a1dc86cedaa99a088e9b2bc48d45716e01189a3a63ca96a2d786f366,cases/manifests/stage_c_post_resolution_authority.csv,03682e1d5071e5e0cf5219fd647cf7311ee581feb44f07d13e0c863c95a171cb,cases/conversations/CASE_6C65BC36BF60/stage_c_extraction_v5.json,bb70ae15a3580d51f74cb4847a0d00660daeb66a9ebff4b5b654a2ca596ce648,https://github.com/unlv-evol/DIR.git,cases/stage_d/reviewer_A/cases/CASE_6C65BC36BF60.json,cases/stage_d/reviewer_B/cases/CASE_6C65BC36BF60.json,stage-d-stratified-validation-v1
CASE_B9E914A3762C,PN,32,13,20261005,proportional_stratified_random_without_replacement,111,43,13,0.2972972973,cases/manifests/post_stage_c_eligibility.csv,53fd64e0a1dc86cedaa99a088e9b2bc48d45716e01189a3a63ca96a2d786f366,cases/manifests/stage_c_post_resolution_authority.csv,03682e1d5071e5e0cf5219fd647cf7311ee581feb44f07d13e0c863c95a171cb,cases/conversations/CASE_B9E914A3762C/stage_c_extraction_v5.json,5203a4a9bb45453e0e129ceb04f43ae4c7d5c148e3da50d003114ee3093e9321,https://github.com/unlv-evol/DIR.git,cases/stage_d/reviewer_A/cases/CASE_B9E914A3762C.json,cases/stage_d/reviewer_B/cases/CASE_B9E914A3762C.json,stage-d-stratified-validation-v1
CASE_A4CDC94D210B,PA,7,14,20261005,proportional_stratified_random_without_replacement,111,68,20,0.2972972973,cases/manifests/post_stage_c_eligibility.csv,53fd64e0a1dc86cedaa99a088e9b2bc48d45716e01189a3a63ca96a2d786f366,cases/manifests/stage_c_post_resolution_authority.csv,03682e1d5071e5e0cf5219fd647cf7311ee581feb44f07d13e0c863c95a171cb,cases/conversations/CASE_A4CDC94D210B/stage_c_extraction_v5.json,33a1c50bce0ad9d6acd7bb7e78f4512524d149da6416c171371903b75c3b3542,https://github.com/unlv-evol/DIR.git,cases/stage_d/reviewer_A/cases/CASE_A4CDC94D210B.json,cases/stage_d/reviewer_B/cases/CASE_A4CDC94D210B.json,stage-d-stratified-validation-v1
CASE_5C203B1DBF11,PN,25,15,20261005,proportional_stratified_random_without_replacement,111,43,13,0.2972972973,cases/manifests/post_stage_c_eligibility.csv,53fd64e0a1dc86cedaa99a088e9b2bc48d45716e01189a3a63ca96a2d786f366,cases/manifests/stage_c_post_resolution_authority.csv,03682e1d5071e5e0cf5219fd647cf7311ee581feb44f07d13e0c863c95a171cb,cases/conversations/CASE_5C203B1DBF11/stage_c_extraction_v5.json,9c43ceb3890a291ed5534f80edd54ef2244b2d62df4cce5df547e8dd6b91b2e9,https://github.com/unlv-evol/DIR.git,cases/stage_d/reviewer_A/cases/CASE_5C203B1DBF11.json,cases/stage_d/reviewer_B/cases/CASE_5C203B1DBF11.json,stage-d-stratified-validation-v1
CASE_1FEA1F5DE7C1,PA,17,16,20261005,proportional_stratified_random_without_replacement,111,68,20,0.2972972973,cases/manifests/post_stage_c_eligibility.csv,53fd64e0a1dc86cedaa99a088e9b2bc48d45716e01189a3a63ca96a2d786f366,cases/manifests/stage_c_post_resolution_authority.csv,03682e1d5071e5e0cf5219fd647cf7311ee581feb44f07d13e0c863c95a171cb,cases/conversations/CASE_1FEA1F5DE7C1/stage_c_extraction_v5.json,fda0f8bd42ff43bb6e24fbfda482dc0d886e86c685ec7b2a88b38277b6d87889,https://github.com/unlv-evol/DIR.git,cases/stage_d/reviewer_A/cases/CASE_1FEA1F5DE7C1.json,cases/stage_d/reviewer_B/cases/CASE_1FEA1F5DE7C1.json,stage-d-stratified-validation-v1
CASE_522F0F296F37,PA,1,17,20261005,proportional_stratified_random_without_replacement,111,68,20,0.2972972973,cases/manifests/post_stage_c_eligibility.csv,53fd64e0a1dc86cedaa99a088e9b2bc48d45716e01189a3a63ca96a2d786f366,cases/manifests/stage_c_post_resolution_authority.csv,03682e1d5071e5e0cf5219fd647cf7311ee581feb44f07d13e0c863c95a171cb,cases/conversations/CASE_522F0F296F37/stage_c_extraction_v5.json,97467c39345b575965c076994394815eedc5a46f3e5f740c20f984bdc37af2c7,https://github.com/unlv-evol/DIR.git,cases/stage_d/reviewer_A/cases/CASE_522F0F296F37.json,cases/stage_d/reviewer_B/cases/CASE_522F0F296F37.json,stage-d-stratified-validation-v1
CASE_AADA2C787EEE,PN,24,18,20261005,proportional_stratified_random_without_replacement,111,43,13,0.2972972973,cases/manifests/post_stage_c_eligibility.csv,53fd64e0a1dc86cedaa99a088e9b2bc48d45716e01189a3a63ca96a2d786f366,cases/manifests/stage_c_post_resolution_authority.csv,03682e1d5071e5e0cf5219fd647cf7311ee581feb44f07d13e0c863c95a171cb,cases/conversations/CASE_AADA2C787EEE/stage_c_extraction_v5_aada_v2_retry_01.json,97e79daae2f15322006e385bc57227101fc8b259e33920e56c3f2a35a0048451,https://github.com/unlv-evol/DIR.git,cases/stage_d/reviewer_A/cases/CASE_AADA2C787EEE.json,cases/stage_d/reviewer_B/cases/CASE_AADA2C787EEE.json,stage-d-stratified-validation-v1
CASE_5D45BE40E95A,PA,20,19,20261005,proportional_stratified_random_without_replacement,111,68,20,0.2972972973,cases/manifests/post_stage_c_eligibility.csv,53fd64e0a1dc86cedaa99a088e9b2bc48d45716e01189a3a63ca96a2d786f366,cases/manifests/stage_c_post_resolution_authority.csv,03682e1d5071e5e0cf5219fd647cf7311ee581feb44f07d13e0c863c95a171cb,cases/conversations/CASE_5D45BE40E95A/stage_c_extraction_v5.json,8ebf8dbcf2186fe4a213b2c5b7f55ae31a7b02430c1de8f068d6c0348f4f19c6,https://github.com/unlv-evol/DIR.git,cases/stage_d/reviewer_A/cases/CASE_5D45BE40E95A.json,cases/stage_d/reviewer_B/cases/CASE_5D45BE40E95A.json,stage-d-stratified-validation-v1
CASE_3A639B473AED,PA,12,20,20261005,proportional_stratified_random_without_replacement,111,68,20,0.2972972973,cases/manifests/post_stage_c_eligibility.csv,53fd64e0a1dc86cedaa99a088e9b2bc48d45716e01189a3a63ca96a2d786f366,cases/manifests/stage_c_post_resolution_authority.csv,03682e1d5071e5e0cf5219fd647cf7311ee581feb44f07d13e0c863c95a171cb,cases/conversations/CASE_3A639B473AED/stage_c_extraction_v5.json,e464de7609d7be8af9a9371abe5e67ff1fd5a23d7afbb438a222365e55027acf,https://github.com/unlv-evol/DIR.git,cases/stage_d/reviewer_A/cases/CASE_3A639B473AED.json,cases/stage_d/reviewer_B/cases/CASE_3A639B473AED.json,stage-d-stratified-validation-v1
CASE_F13F98792012,PN,22,21,20261005,proportional_stratified_random_without_replacement,111,43,13,0.2972972973,cases/manifests/post_stage_c_eligibility.csv,53fd64e0a1dc86cedaa99a088e9b2bc48d45716e01189a3a63ca96a2d786f366,cases/manifests/stage_c_post_resolution_authority.csv,03682e1d5071e5e0cf5219fd647cf7311ee581feb44f07d13e0c863c95a171cb,cases/conversations/CASE_F13F98792012/stage_c_extraction_v5.json,db79fa3f5dbb567567226604ff7022c06519fe277abdb5335fa348a0ce69a2d8,https://github.com/unlv-evol/DIR.git,cases/stage_d/reviewer_A/cases/CASE_F13F98792012.json,cases/stage_d/reviewer_B/cases/CASE_F13F98792012.json,stage-d-stratified-validation-v1
CASE_194F3A461B65,PA,3,22,20261005,proportional_stratified_random_without_replacement,111,68,20,0.2972972973,cases/manifests/post_stage_c_eligibility.csv,53fd64e0a1dc86cedaa99a088e9b2bc48d45716e01189a3a63ca96a2d786f366,cases/manifests/stage_c_post_resolution_authority.csv,03682e1d5071e5e0cf5219fd647cf7311ee581feb44f07d13e0c863c95a171cb,cases/conversations/CASE_194F3A461B65/stage_c_extraction_v5.json,5fb79ea655178bbafc1144c2b6e8248acf579abebad1784a90012b9d2c85a7a4,https://github.com/unlv-evol/DIR.git,cases/stage_d/reviewer_A/cases/CASE_194F3A461B65.json,cases/stage_d/reviewer_B/cases/CASE_194F3A461B65.json,stage-d-stratified-validation-v1
CASE_C95F69523646,PN,27,23,20261005,proportional_stratified_random_without_replacement,111,43,13,0.2972972973,cases/manifests/post_stage_c_eligibility.csv,53fd64e0a1dc86cedaa99a088e9b2bc48d45716e01189a3a63ca96a2d786f366,cases/manifests/stage_c_post_resolution_authority.csv,03682e1d5071e5e0cf5219fd647cf7311ee581feb44f07d13e0c863c95a171cb,cases/conversations/CASE_C95F69523646/stage_c_extraction_v5.json,9f494eb386a5e01ab677ca8c3db6229d7524f5479d338080ccecac5aed027d2b,https://github.com/unlv-evol/DIR.git,cases/stage_d/reviewer_A/cases/CASE_C95F69523646.json,cases/stage_d/reviewer_B/cases/CASE_C95F69523646.json,stage-d-stratified-validation-v1
CASE_A1DC1299D73A,PA,8,24,20261005,proportional_stratified_random_without_replacement,111,68,20,0.2972972973,cases/manifests/post_stage_c_eligibility.csv,53fd64e0a1dc86cedaa99a088e9b2bc48d45716e01189a3a63ca96a2d786f366,cases/manifests/stage_c_post_resolution_authority.csv,03682e1d5071e5e0cf5219fd647cf7311ee581feb44f07d13e0c863c95a171cb,cases/conversations/CASE_A1DC1299D73A/stage_c_extraction_v5.json,456dee9675d372f3c2b6e6cc2412b3094b6ece831f6a620959a431db5667f7bf,https://github.com/unlv-evol/DIR.git,cases/stage_d/reviewer_A/cases/CASE_A1DC1299D73A.json,cases/stage_d/reviewer_B/cases/CASE_A1DC1299D73A.json,stage-d-stratified-validation-v1
CASE_6C2918844CE5,PA,11,25,20261005,proportional_stratified_random_without_replacement,111,68,20,0.2972972973,cases/manifests/post_stage_c_eligibility.csv,53fd64e0a1dc86cedaa99a088e9b2bc48d45716e01189a3a63ca96a2d786f366,cases/manifests/stage_c_post_resolution_authority.csv,03682e1d5071e5e0cf5219fd647cf7311ee581feb44f07d13e0c863c95a171cb,cases/conversations/CASE_6C2918844CE5/stage_c_extraction_v5.json,a7770a72fc244398de4c49a5c5fc566a323e71f29ec7342715c0dca6e19e9a80,https://github.com/unlv-evol/DIR.git,cases/stage_d/reviewer_A/cases/CASE_6C2918844CE5.json,cases/stage_d/reviewer_B/cases/CASE_6C2918844CE5.json,stage-d-stratified-validation-v1
CASE_CDFEF66FCEAA,PN,33,26,20261005,proportional_stratified_random_without_replacement,111,43,13,0.2972972973,cases/manifests/post_stage_c_eligibility.csv,53fd64e0a1dc86cedaa99a088e9b2bc48d45716e01189a3a63ca96a2d786f366,cases/manifests/stage_c_post_resolution_authority.csv,03682e1d5071e5e0cf5219fd647cf7311ee581feb44f07d13e0c863c95a171cb,cases/conversations/CASE_CDFEF66FCEAA/stage_c_extraction_v5.json,5594cf6b7aaf508e2f0387d23c27052eaad7a988c04c9986174f076bef9c981b,https://github.com/unlv-evol/DIR.git,cases/stage_d/reviewer_A/cases/CASE_CDFEF66FCEAA.json,cases/stage_d/reviewer_B/cases/CASE_CDFEF66FCEAA.json,stage-d-stratified-validation-v1
CASE_DBFC2CC31FE4,PA,18,27,20261005,proportional_stratified_random_without_replacement,111,68,20,0.2972972973,cases/manifests/post_stage_c_eligibility.csv,53fd64e0a1dc86cedaa99a088e9b2bc48d45716e01189a3a63ca96a2d786f366,cases/manifests/stage_c_post_resolution_authority.csv,03682e1d5071e5e0cf5219fd647cf7311ee581feb44f07d13e0c863c95a171cb,cases/conversations/CASE_DBFC2CC31FE4/stage_c_extraction_v5_post_c_resolution_v5_retry_01.json,1a31643a3c6b2e5dad978c4f6223b88f7c8ef170808d324a58e2493bea383ae7,https://github.com/unlv-evol/DIR.git,cases/stage_d/reviewer_A/cases/CASE_DBFC2CC31FE4.json,cases/stage_d/reviewer_B/cases/CASE_DBFC2CC31FE4.json,stage-d-stratified-validation-v1
CASE_E6ADDBF1751F,PN,28,28,20261005,proportional_stratified_random_without_replacement,111,43,13,0.2972972973,cases/manifests/post_stage_c_eligibility.csv,53fd64e0a1dc86cedaa99a088e9b2bc48d45716e01189a3a63ca96a2d786f366,cases/manifests/stage_c_post_resolution_authority.csv,03682e1d5071e5e0cf5219fd647cf7311ee581feb44f07d13e0c863c95a171cb,cases/conversations/CASE_E6ADDBF1751F/stage_c_extraction_v5.json,d9d311bae99ef932f76386caef974d530280d109b46f96d49d334179055623ba,https://github.com/unlv-evol/DIR.git,cases/stage_d/reviewer_A/cases/CASE_E6ADDBF1751F.json,cases/stage_d/reviewer_B/cases/CASE_E6ADDBF1751F.json,stage-d-stratified-validation-v1
CASE_3E3A525883BA,PA,5,29,20261005,proportional_stratified_random_without_replacement,111,68,20,0.2972972973,cases/manifests/post_stage_c_eligibility.csv,53fd64e0a1dc86cedaa99a088e9b2bc48d45716e01189a3a63ca96a2d786f366,cases/manifests/stage_c_post_resolution_authority.csv,03682e1d5071e5e0cf5219fd647cf7311ee581feb44f07d13e0c863c95a171cb,cases/conversations/CASE_3E3A525883BA/stage_c_extraction_v5.json,850f2596cb1d79de9488ed2ae8bbc68e5174594176135913fbe9fffdd8ce4335,https://github.com/unlv-evol/DIR.git,cases/stage_d/reviewer_A/cases/CASE_3E3A525883BA.json,cases/stage_d/reviewer_B/cases/CASE_3E3A525883BA.json,stage-d-stratified-validation-v1
CASE_0ECE0C32A4BB,PA,2,30,20261005,proportional_stratified_random_without_replacement,111,68,20,0.2972972973,cases/manifests/post_stage_c_eligibility.csv,53fd64e0a1dc86cedaa99a088e9b2bc48d45716e01189a3a63ca96a2d786f366,cases/manifests/stage_c_post_resolution_authority.csv,03682e1d5071e5e0cf5219fd647cf7311ee581feb44f07d13e0c863c95a171cb,cases/conversations/CASE_0ECE0C32A4BB/stage_c_extraction_v5.json,847dee135334feb22cd7b0a10ce83735c5693ed501e0747172d165b331ec76fa,https://github.com/unlv-evol/DIR.git,cases/stage_d/reviewer_A/cases/CASE_0ECE0C32A4BB.json,cases/stage_d/reviewer_B/cases/CASE_0ECE0C32A4BB.json,stage-d-stratified-validation-v1
CASE_34D14D6B0BB7,PA,10,31,20261005,proportional_stratified_random_without_replacement,111,68,20,0.2972972973,cases/manifests/post_stage_c_eligibility.csv,53fd64e0a1dc86cedaa99a088e9b2bc48d45716e01189a3a63ca96a2d786f366,cases/manifests/stage_c_post_resolution_authority.csv,03682e1d5071e5e0cf5219fd647cf7311ee581feb44f07d13e0c863c95a171cb,cases/conversations/CASE_34D14D6B0BB7/stage_c_extraction_v5.json,a74771e26609d67f2b738ab7807cbcf45f6468fc1dc85fa0ada6d27ce0f30d31,https://github.com/unlv-evol/DIR.git,cases/stage_d/reviewer_A/cases/CASE_34D14D6B0BB7.json,cases/stage_d/reviewer_B/cases/CASE_34D14D6B0BB7.json,stage-d-stratified-validation-v1
CASE_5FC257622E18,PN,29,32,20261005,proportional_stratified_random_without_replacement,111,43,13,0.2972972973,cases/manifests/post_stage_c_eligibility.csv,53fd64e0a1dc86cedaa99a088e9b2bc48d45716e01189a3a63ca96a2d786f366,cases/manifests/stage_c_post_resolution_authority.csv,03682e1d5071e5e0cf5219fd647cf7311ee581feb44f07d13e0c863c95a171cb,cases/conversations/CASE_5FC257622E18/stage_c_extraction_v5.json,2a34ef8cfca3164f4034aae527f963a49008b0f861f763f6c4a72af6ae90e40b,https://github.com/unlv-evol/DIR.git,cases/stage_d/reviewer_A/cases/CASE_5FC257622E18.json,cases/stage_d/reviewer_B/cases/CASE_5FC257622E18.json,stage-d-stratified-validation-v1
CASE_A0301CC135FC,PA,6,33,20261005,proportional_stratified_random_without_replacement,111,68,20,0.2972972973,cases/manifests/post_stage_c_eligibility.csv,53fd64e0a1dc86cedaa99a088e9b2bc48d45716e01189a3a63ca96a2d786f366,cases/manifests/stage_c_post_resolution_authority.csv,03682e1d5071e5e0cf5219fd647cf7311ee581feb44f07d13e0c863c95a171cb,cases/conversations/CASE_A0301CC135FC/stage_c_extraction_v5.json,98bfd31bdc4c80ca46972ebf18352ac3d2eea04c9bd4ab1152290725238c5116,https://github.com/unlv-evol/DIR.git,cases/stage_d/reviewer_A/cases/CASE_A0301CC135FC.json,cases/stage_d/reviewer_B/cases/CASE_A0301CC135FC.json,stage-d-stratified-validation-v1
