case_id,source_case_id,study_role,C_score,S_score,V_score,developer_prompts,changed_files,changed_lines,conversation_words,pr_commits,conversation_turn_pattern,generated_artifact_pattern_status,prompt_identifier_signal,prompt_file_path_signal,prompt_code_fragment_signal,prompt_error_log_signal,prompt_test_assertion_signal,prompt_url_signal,prompt_mostly_behavioral_status,share_link_contributor_role_status,help_seeking_context_status,help_seeking_context_cues,secondary_characteristics_basis,secondary_characteristics_evidence,selection_characteristics,selection_rationale
CASE_AB42B2598A84,PA-1,pilot_development,1,1,0,1,7,125,354,8,single_developer_prompt,not_assessed,not_detected_by_rule,not_detected_by_rule,not_detected_by_rule,not_detected_by_rule,detected,not_detected_by_rule,not_assessed,not_assessed,not_assessed,"[""test_ci_build""]",complete_visible_developer_turns;lexical-v1,"{""cue_test_ci_build"":{""developer_turn"":1,""matched_text"":""test""},""prompt_test_assertion_signal"":{""developer_turn"":1,""matched_text"":""test""}}",single prompt about JSON test data in xUnit,"C/S/V profile (1,1,0); single prompt about JSON test data in xUnit"
CASE_27C861787A74,PA-3,pilot_development,2,2,2,3,1,300,2684,1,multiple_developer_prompts,not_assessed,not_detected_by_rule,detected,not_detected_by_rule,not_detected_by_rule,not_detected_by_rule,not_detected_by_rule,not_assessed,not_assessed,not_assessed,"[""implementation_change"",""test_ci_build"",""design_question""]",complete_visible_developer_turns;lexical-v1,"{""cue_design_question"":{""developer_turn"":1,""matched_text"":""Design""},""cue_implementation_change"":{""developer_turn"":1,""matched_text"":""build""},""cue_test_ci_build"":{""developer_turn"":1,""matched_text"":""build""},""prompt_file_path_signal"":{""developer_turn"":1,""matched_text"":""UI/UX""}}",three developer prompts requesting design examples and revisions,"C/S/V profile (2,2,2); three developer prompts requesting design examples and revisions"
CASE_193801513E85,PA-5,pilot_development,2,1,1,8,2,18,1944,1,multiple_developer_prompts,not_assessed,detected,detected,detected,detected,not_detected_by_rule,not_detected_by_rule,not_assessed,not_assessed,not_assessed,"[""implementation_change"",""test_ci_build"",""api_library_usage"",""issue_requirement""]",complete_visible_developer_turns;lexical-v1,"{""cue_api_library_usage"":{""developer_turn"":2,""matched_text"":""API""},""cue_implementation_change"":{""developer_turn"":2,""matched_text"":""build""},""cue_issue_requirement"":{""developer_turn"":7,""matched_text"":""issue""},""cue_test_ci_build"":{""developer_turn"":1,""matched_text"":""GitHub Action""},""prompt_code_fragment_signal"":{""developer_turn"":2,""matched_text"":""```""},""prompt_error_log_signal"":{""developer_turn"":2,""matched_text"":""log""},""prompt_file_path_signal"":{""developer_turn"":2,""matched_text"":""HOME/export_options.plist""},""prompt_identifier_signal"":{""developer_turn"":2,""matched_text"":""message (""}}",eight developer prompts about GitHub Actions deployment,"C/S/V profile (2,1,1); eight developer prompts about GitHub Actions deployment"
CASE_9B31F94A6604,PA-7,pilot_development,2,2,1,6,4,107,1506,4,multiple_developer_prompts,not_assessed,not_detected_by_rule,not_detected_by_rule,not_detected_by_rule,not_detected_by_rule,not_detected_by_rule,not_detected_by_rule,not_assessed,not_assessed,not_assessed,"[""implementation_change""]",complete_visible_developer_turns;lexical-v1,"{""cue_implementation_change"":{""developer_turn"":6,""matched_text"":""add""}}",six developer prompts about TypeScript interfaces and object arrays,"C/S/V profile (2,2,1); six developer prompts about TypeScript interfaces and object arrays"
CASE_3E3A525883BA,PA-9,pilot_development,1,2,1,1,6,295,104,1,single_developer_prompt,not_assessed,not_detected_by_rule,not_detected_by_rule,not_detected_by_rule,not_detected_by_rule,not_detected_by_rule,not_detected_by_rule,not_assessed,not_assessed,not_assessed,[],complete_visible_developer_turns;lexical-v1,{},single Japanese prompt with TypeScript and zod type examples,"C/S/V profile (1,2,1); single Japanese prompt with TypeScript and zod type examples"
CASE_DBFC2CC31FE4,PA-10,pilot_development,2,2,1,2,3,31,143,5,multiple_developer_prompts,not_assessed,detected,detected,not_detected_by_rule,not_detected_by_rule,not_detected_by_rule,not_detected_by_rule,not_assessed,not_assessed,not_assessed,[],complete_visible_developer_turns;lexical-v1,"{""prompt_file_path_signal"":{""developer_turn"":1,""matched_text"":""download/cuda/bin""},""prompt_identifier_signal"":{""developer_turn"":1,""matched_text"":""`________________`""}}",two Japanese prompts with shell code and lint warning,"C/S/V profile (2,2,1); two Japanese prompts with shell code and lint warning"
CASE_7A2975A1686D,PA-12,pilot_development,2,1,0,2,9,159,421,1,multiple_developer_prompts,not_assessed,not_detected_by_rule,detected,detected,not_detected_by_rule,not_detected_by_rule,detected,not_assessed,not_assessed,not_assessed,"[""implementation_change"",""api_library_usage""]",complete_visible_developer_turns;lexical-v1,"{""cue_api_library_usage"":{""developer_turn"":2,""matched_text"":""API""},""cue_implementation_change"":{""developer_turn"":2,""matched_text"":""add""},""prompt_code_fragment_signal"":{""developer_turn"":2,""matched_text"":""```""},""prompt_file_path_signal"":{""developer_turn"":2,""matched_text"":""./paths/auth.yml""},""prompt_url_signal"":{""developer_turn"":2,""matched_text"":""https://gloss-translation.vercel.app]().""}}",two prompts with a pasted OpenAPI specification,"C/S/V profile (2,1,0); two prompts with a pasted OpenAPI specification"
CASE_7EA4C03D1DDC,PA-16,pilot_development,2,1,1,1,4,36,329,4,single_developer_prompt,not_assessed,detected,not_detected_by_rule,not_detected_by_rule,detected,detected,not_detected_by_rule,not_assessed,not_assessed,not_assessed,"[""bug_error"",""test_ci_build"",""api_library_usage"",""issue_requirement"",""configuration_dependency""]",complete_visible_developer_turns;lexical-v1,"{""cue_api_library_usage"":{""developer_turn"":1,""matched_text"":""library""},""cue_bug_error"":{""developer_turn"":1,""matched_text"":""fix""},""cue_configuration_dependency"":{""developer_turn"":1,""matched_text"":""config""},""cue_issue_requirement"":{""developer_turn"":1,""matched_text"":""issue""},""cue_test_ci_build"":{""developer_turn"":1,""matched_text"":""test""},""prompt_error_log_signal"":{""developer_turn"":1,""matched_text"":""logs""},""prompt_identifier_signal"":{""developer_turn"":1,""matched_text"":""below (""},""prompt_test_assertion_signal"":{""developer_turn"":1,""matched_text"":""test""}}",single prompt about Rails library filters and an existing fix,"C/S/V profile (2,1,1); single prompt about Rails library filters and an existing fix"
CASE_B98070F8A24D,PA-26,pilot_development,2,1,1,1,5,215,387,1,single_developer_prompt,not_assessed,detected,not_detected_by_rule,detected,not_detected_by_rule,not_detected_by_rule,not_detected_by_rule,not_assessed,not_assessed,not_assessed,"[""refactoring""]",complete_visible_developer_turns;lexical-v1,"{""cue_refactoring"":{""developer_turn"":1,""matched_text"":""refactor""},""prompt_code_fragment_signal"":{""developer_turn"":1,""matched_text"":""\nclass ""},""prompt_identifier_signal"":{""developer_turn"":1,""matched_text"":""StockCreationBodyModel(""}}",single prompt with code requesting an N+1 query refactor,"C/S/V profile (2,1,1); single prompt with code requesting an N+1 query refactor"
CASE_EFB57C0D7D17,PA-36,pilot_development,2,2,0,1,1,33,588,4,single_developer_prompt,not_assessed,detected,detected,detected,not_detected_by_rule,not_detected_by_rule,not_detected_by_rule,not_assessed,not_assessed,not_assessed,"[""bug_error""]",complete_visible_developer_turns;lexical-v1,"{""cue_bug_error"":{""developer_turn"":1,""matched_text"":""fix""},""prompt_code_fragment_signal"":{""developer_turn"":1,""matched_text"":""```""},""prompt_file_path_signal"":{""developer_turn"":1,""matched_text"":""linux-gnu/libQt5Core.so.5""},""prompt_identifier_signal"":{""developer_turn"":1,""matched_text"":""expandSelectionToWords(""}}",single prompt containing a C++ Qt function,"C/S/V profile (2,2,0); single prompt containing a C++ Qt function"
CASE_5A3A043A5011,PA-37,pilot_development,2,1,1,7,4,132,1290,5,multiple_developer_prompts,not_assessed,detected,detected,detected,detected,not_detected_by_rule,not_detected_by_rule,not_assessed,not_assessed,not_assessed,"[""bug_error""]",complete_visible_developer_turns;lexical-v1,"{""cue_bug_error"":{""developer_turn"":2,""matched_text"":""error""},""prompt_code_fragment_signal"":{""developer_turn"":5,""matched_text"":""`\ub3d9\uc77c\ud55c ws_url\ub85c \uc6f9\uc18c\ucf13\uc774 \uc7ac\uc5f0\uacb0\ub418\uc5c8\uc2b5\ub2c8\ub2e4. \uc5f0\uacb0\uc774 \ub04a\uc5b4\uc9c4 \uacf5\ubc31\uae30\uac04 \ub3d9\uc548 \uc0c1\ud0dc\uc5d0 \ubcc0\ud654\uac00 \uc788\ub294\uc9c0 \ud655\uc778\ud569\ub2c8\ub2e4. ${ws_url}`""},""prompt_error_log_signal"":{""developer_turn"":2,""matched_text"":""error""},""prompt_file_path_signal"":{""developer_turn"":5,""matched_text"":""\ubc30\uc815\uc2e4\ud328/\ud558\ucc28/\ud638\ucd9c\ucde8\uc18c\uac00""},""prompt_identifier_signal"":{""developer_turn"":1,""matched_text"":""wasClean\ud558\uac8c(""}}",seven Korean prompts about a websocket event listener,"C/S/V profile (2,1,1); seven Korean prompts about a websocket event listener"
CASE_FF56769ECD05,PA-39,pilot_development,1,2,2,1,3,170,241,2,single_developer_prompt,not_assessed,not_detected_by_rule,not_detected_by_rule,not_detected_by_rule,not_detected_by_rule,not_detected_by_rule,not_detected_by_rule,not_assessed,not_assessed,not_assessed,"[""implementation_change""]",complete_visible_developer_turns;lexical-v1,"{""cue_implementation_change"":{""developer_turn"":1,""matched_text"":""create""}}",single behavioral prompt describing a posting feature,"C/S/V profile (1,2,2); single behavioral prompt describing a posting feature"
CASE_D3D74721B407,PA-42,pilot_development,2,2,1,5,4,190,1299,7,multiple_developer_prompts,not_assessed,detected,not_detected_by_rule,detected,detected,not_detected_by_rule,not_detected_by_rule,not_assessed,not_assessed,not_assessed,"[""bug_error""]",complete_visible_developer_turns;lexical-v1,"{""cue_bug_error"":{""developer_turn"":3,""matched_text"":""error""},""prompt_code_fragment_signal"":{""developer_turn"":1,""matched_text"":""  const ""},""prompt_error_log_signal"":{""developer_turn"":3,""matched_text"":""error""},""prompt_identifier_signal"":{""developer_turn"":1,""matched_text"":""equipmentFilter(""}}",five prompts about a React Native interface and follow-ups,"C/S/V profile (2,2,1); five prompts about a React Native interface and follow-ups"
CASE_36ED555D6DE4,PA-56,pilot_development,2,1,0,1,1,13,215,1,single_developer_prompt,not_assessed,not_detected_by_rule,not_detected_by_rule,detected,detected,not_detected_by_rule,not_detected_by_rule,not_assessed,not_assessed,not_assessed,"[""bug_error""]",complete_visible_developer_turns;lexical-v1,"{""cue_bug_error"":{""developer_turn"":1,""matched_text"":""error""},""prompt_code_fragment_signal"":{""developer_turn"":1,""matched_text"":""```""},""prompt_error_log_signal"":{""developer_turn"":1,""matched_text"":""error""}}",single prompt containing a PostgreSQL query,"C/S/V profile (2,1,0); single prompt containing a PostgreSQL query"
CASE_31385155F1C4,PA-74,pilot_development,2,1,0,1,5,221,578,9,single_developer_prompt,not_assessed,detected,detected,detected,not_detected_by_rule,not_detected_by_rule,not_detected_by_rule,not_assessed,not_assessed,not_assessed,"[""design_question"",""code_review""]",complete_visible_developer_turns;lexical-v1,"{""cue_code_review"":{""developer_turn"":1,""matched_text"":""feedback""},""cue_design_question"":{""developer_turn"":1,""matched_text"":""design""},""prompt_code_fragment_signal"":{""developer_turn"":1,""matched_text"":""```""},""prompt_file_path_signal"":{""developer_turn"":1,""matched_text"":""HTTP/1.1""},""prompt_identifier_signal"":{""developer_turn"":1,""matched_text"":""extractStatusFromResponse(""}}",single prompt requesting design review of Go code,"C/S/V profile (2,1,0); single prompt requesting design review of Go code"
CASE_F850E0DE06D3,PA-76,pilot_development,2,2,1,1,1,44,620,1,single_developer_prompt,not_assessed,detected,detected,detected,not_detected_by_rule,not_detected_by_rule,not_detected_by_rule,not_assessed,not_assessed,not_assessed,"[""implementation_change"",""test_ci_build"",""api_library_usage""]",complete_visible_developer_turns;lexical-v1,"{""cue_api_library_usage"":{""developer_turn"":1,""matched_text"":""package""},""cue_implementation_change"":{""developer_turn"":1,""matched_text"":""Add""},""cue_test_ci_build"":{""developer_turn"":1,""matched_text"":""build""},""prompt_code_fragment_signal"":{""developer_turn"":1,""matched_text"":""```""},""prompt_file_path_signal"":{""developer_turn"":1,""matched_text"":""release.sh""},""prompt_identifier_signal"":{""developer_turn"":1,""matched_text"":""`release.sh`""}}",single archived conversation prompt requesting script documentation,"C/S/V profile (2,2,1); single archived conversation prompt requesting script documentation"
CASE_85AD863F8290,PA-82,pilot_development,2,2,1,10,2,102,2814,2,multiple_developer_prompts,not_assessed,detected,detected,detected,detected,not_detected_by_rule,not_detected_by_rule,not_assessed,not_assessed,not_assessed,"[""implementation_change"",""bug_error"",""configuration_dependency""]",complete_visible_developer_turns;lexical-v1,"{""cue_bug_error"":{""developer_turn"":6,""matched_text"":""error""},""cue_configuration_dependency"":{""developer_turn"":1,""matched_text"":""config""},""cue_implementation_change"":{""developer_turn"":2,""matched_text"":""implement""},""prompt_code_fragment_signal"":{""developer_turn"":1,""matched_text"":""```""},""prompt_error_log_signal"":{""developer_turn"":5,""matched_text"":""log""},""prompt_file_path_signal"":{""developer_turn"":6,""matched_text"":"".rbenv/versions/3.2.2/lib/ruby/gems/3.2.0/gems/jekyll-4.3.3/lib/jekyll/publisher""},""prompt_identifier_signal"":{""developer_turn"":1,""matched_text"":""`rss_url`""}}",ten prompts about changing a Ruby Jekyll plugin,"C/S/V profile (2,2,1); ten prompts about changing a Ruby Jekyll plugin"
CASE_3A639B473AED,PA-85,pilot_development,2,2,2,3,4,114,1397,4,multiple_developer_prompts,not_assessed,detected,detected,detected,detected,not_detected_by_rule,detected,not_assessed,not_assessed,not_assessed,"[""implementation_change"",""bug_error"",""code_review"",""issue_requirement""]",complete_visible_developer_turns;lexical-v1,"{""cue_bug_error"":{""developer_turn"":1,""matched_text"":""bug""},""cue_code_review"":{""developer_turn"":3,""matched_text"":""review""},""cue_implementation_change"":{""developer_turn"":1,""matched_text"":""add""},""cue_issue_requirement"":{""developer_turn"":1,""matched_text"":""issue""},""prompt_code_fragment_signal"":{""developer_turn"":1,""matched_text"":""```""},""prompt_error_log_signal"":{""developer_turn"":1,""matched_text"":""log""},""prompt_file_path_signal"":{""developer_turn"":1,""matched_text"":""question/support""},""prompt_identifier_signal"":{""developer_turn"":1,""matched_text"":""issue (""},""prompt_url_signal"":{""developer_turn"":1,""matched_text"":""https://github.com/PrivateBin/PrivateBin/wiki/FAQ)""}}",three prompts about converting a Markdown form to YAML,"C/S/V profile (2,2,2); three prompts about converting a Markdown form to YAML"
CASE_2BAC9476B7B1,PN-1,pilot_development,1,2,0,2,1,15,800,2,multiple_developer_prompts,not_assessed,not_detected_by_rule,not_detected_by_rule,not_detected_by_rule,not_detected_by_rule,not_detected_by_rule,not_detected_by_rule,not_assessed,not_assessed,not_assessed,"[""api_library_usage""]",complete_visible_developer_turns;lexical-v1,"{""cue_api_library_usage"":{""developer_turn"":1,""matched_text"":""API""}}",two prompts about YARP API access and CORS,"C/S/V profile (1,2,0); two prompts about YARP API access and CORS"
CASE_C482978A9FE9,PN-6,pilot_development,2,2,0,4,1,4,642,2,multiple_developer_prompts,not_assessed,detected,detected,detected,detected,not_detected_by_rule,detected,not_assessed,not_assessed,not_assessed,"[""bug_error"",""configuration_dependency""]",complete_visible_developer_turns;lexical-v1,"{""cue_bug_error"":{""developer_turn"":3,""matched_text"":""bug""},""cue_configuration_dependency"":{""developer_turn"":3,""matched_text"":""configuration""},""prompt_code_fragment_signal"":{""developer_turn"":2,""matched_text"":""    const ""},""prompt_error_log_signal"":{""developer_turn"":2,""matched_text"":""Failed""},""prompt_file_path_signal"":{""developer_turn"":3,""matched_text"":""cataclysmbnteam/Cataclysm-BN/issues/new""},""prompt_identifier_signal"":{""developer_turn"":2,""matched_text"":""open_url(""},""prompt_url_signal"":{""developer_turn"":4,""matched_text"":""https://github.com/cataclysmbnteam/Cataclysm-BN/issues/new""}}",four prompts about opening a URL in Windows from code,"C/S/V profile (2,2,0); four prompts about opening a URL in Windows from code"
CASE_F9321AC6C899,PN-7,pilot_development,2,1,1,2,1,2,855,3,multiple_developer_prompts,not_assessed,detected,detected,detected,detected,detected,not_detected_by_rule,not_assessed,not_assessed,not_assessed,"[""test_ci_build""]",complete_visible_developer_turns;lexical-v1,"{""cue_test_ci_build"":{""developer_turn"":1,""matched_text"":""CI""},""prompt_code_fragment_signal"":{""developer_turn"":1,""matched_text"":""```""},""prompt_error_log_signal"":{""developer_turn"":1,""matched_text"":""failed""},""prompt_file_path_signal"":{""developer_turn"":1,""matched_text"":""tests/spatial/distance/test_hausdorff_distance.py""},""prompt_identifier_signal"":{""developer_turn"":1,""matched_text"":""test_empty(""},""prompt_test_assertion_signal"":{""developer_turn"":1,""matched_text"":""test""}}",two prompts about a failing nightly CI test,"C/S/V profile (2,1,1); two prompts about a failing nightly CI test"
CASE_5C203B1DBF11,PN-13,pilot_development,2,2,0,5,2,2,1010,2,multiple_developer_prompts,not_assessed,detected,not_detected_by_rule,detected,detected,not_detected_by_rule,not_detected_by_rule,not_assessed,not_assessed,not_assessed,"[""implementation_change""]",complete_visible_developer_turns;lexical-v1,"{""cue_implementation_change"":{""developer_turn"":2,""matched_text"":""add""},""prompt_code_fragment_signal"":{""developer_turn"":1,""matched_text"":""```""},""prompt_error_log_signal"":{""developer_turn"":2,""matched_text"":""warning""},""prompt_identifier_signal"":{""developer_turn"":1,""matched_text"":""set(""}}",five prompts containing Svelte accessibility code and warnings,"C/S/V profile (2,2,0); five prompts containing Svelte accessibility code and warnings"
CASE_9E4D3DF1CDB9,PN-19,pilot_development,1,1,1,2,1,10,242,4,multiple_developer_prompts,not_assessed,not_detected_by_rule,not_detected_by_rule,not_detected_by_rule,not_detected_by_rule,not_detected_by_rule,not_detected_by_rule,not_assessed,not_assessed,not_assessed,[],complete_visible_developer_turns;lexical-v1,{},two prompts about a ULID regular expression,"C/S/V profile (1,1,1); two prompts about a ULID regular expression"
CASE_5FC257622E18,PN-21,pilot_development,0,1,0,1,4,34,324,10,single_developer_prompt,not_assessed,not_detected_by_rule,not_detected_by_rule,not_detected_by_rule,not_detected_by_rule,not_detected_by_rule,not_detected_by_rule,not_assessed,not_assessed,not_assessed,[],complete_visible_developer_turns;lexical-v1,{},single low-Context prompt about rebasing,"C/S/V profile (0,1,0); single low-Context prompt about rebasing"
CASE_6ECAEEE54BD9,PN-23,pilot_development,1,1,0,5,4,46,1214,2,multiple_developer_prompts,not_assessed,not_detected_by_rule,not_detected_by_rule,not_detected_by_rule,not_detected_by_rule,not_detected_by_rule,not_detected_by_rule,not_assessed,not_assessed,not_assessed,"[""implementation_change"",""api_library_usage"",""issue_requirement""]",complete_visible_developer_turns;lexical-v1,"{""cue_api_library_usage"":{""developer_turn"":1,""matched_text"":""api""},""cue_implementation_change"":{""developer_turn"":1,""matched_text"":""create""},""cue_issue_requirement"":{""developer_turn"":1,""matched_text"":""ticket""}}",five prompts about Jira API permissions and source verification,"C/S/V profile (1,1,0); five prompts about Jira API permissions and source verification"
CASE_1754D5BAEC54,PN-24,pilot_development,2,1,0,3,6,54,62,5,multiple_developer_prompts,not_assessed,not_detected_by_rule,not_detected_by_rule,detected,not_detected_by_rule,not_detected_by_rule,not_detected_by_rule,not_assessed,not_assessed,not_assessed,[],complete_visible_developer_turns;lexical-v1,"{""prompt_code_fragment_signal"":{""developer_turn"":1,""matched_text"":""```""}}",three Japanese prompts about Next.js and Notion metadata,"C/S/V profile (2,1,0); three Japanese prompts about Next.js and Notion metadata"
CASE_34CAAE296942,PN-29,pilot_development,2,2,1,5,2,129,2694,35,multiple_developer_prompts,not_assessed,detected,detected,detected,detected,not_detected_by_rule,not_detected_by_rule,not_assessed,not_assessed,not_assessed,"[""implementation_change"",""bug_error"",""test_ci_build""]",complete_visible_developer_turns;lexical-v1,"{""cue_bug_error"":{""developer_turn"":1,""matched_text"":""fail""},""cue_implementation_change"":{""developer_turn"":1,""matched_text"":""add""},""cue_test_ci_build"":{""developer_turn"":1,""matched_text"":""CI""},""prompt_code_fragment_signal"":{""developer_turn"":1,""matched_text"":""  def ""},""prompt_error_log_signal"":{""developer_turn"":5,""matched_text"":""exception""},""prompt_file_path_signal"":{""developer_turn"":1,""matched_text"":""Fancy/tensor""},""prompt_identifier_signal"":{""developer_turn"":1,""matched_text"":""__getitem__(""}}",five prompts containing indexing code and a behavior comment,"C/S/V profile (2,2,1); five prompts containing indexing code and a behavior comment"
CASE_F7BED13B8119,PN-35,pilot_development,1,1,0,4,4,74,73,5,multiple_developer_prompts,not_assessed,not_detected_by_rule,not_detected_by_rule,not_detected_by_rule,not_detected_by_rule,not_detected_by_rule,not_detected_by_rule,not_assessed,not_assessed,not_assessed,[],complete_visible_developer_turns;lexical-v1,{},four Japanese prompts about cross-platform pre-commit scripts,"C/S/V profile (1,1,0); four Japanese prompts about cross-platform pre-commit scripts"
CASE_BD187BC12672,PN-38,pilot_development,1,2,1,1,1,5,505,1,single_developer_prompt,not_assessed,not_detected_by_rule,not_detected_by_rule,not_detected_by_rule,not_detected_by_rule,not_detected_by_rule,not_detected_by_rule,not_assessed,not_assessed,not_assessed,[],complete_visible_developer_turns;lexical-v1,{},single prompt about a GitHub bot reacting to a PR command,"C/S/V profile (1,2,1); single prompt about a GitHub bot reacting to a PR command"
CASE_8A8D4442D5EB,PN-40,pilot_development,2,2,1,1,2,24,67,18,single_developer_prompt,not_assessed,not_detected_by_rule,not_detected_by_rule,not_detected_by_rule,not_detected_by_rule,not_detected_by_rule,not_detected_by_rule,not_assessed,not_assessed,not_assessed,[],complete_visible_developer_turns;lexical-v1,{},single Japanese behavioral prompt about speech correction,"C/S/V profile (2,2,1); single Japanese behavioral prompt about speech correction"
