case_id,reporting_stratum,authoritative_tFG,reconstruction_status,reconstruction_path,selected_commit_sha,selected_tree_sha,selected_author_time,selected_committer_time,selected_effective_time,temporal_basis,author_time_sensitivity,temporal_consistency,lineage_source,base_routing_source,materialization_status,historical_observability,unresolved_reasons,acquisition_record,boundary_record,execution_disposition
CASE_091B52A05DEF,PA,2023-11-14T21:50:49.315735+00:00,reconstructed_focal_state,focal,ffbb975a670823576b2b949b7bac2faa1188328c,eb51ec10d735f04bbcb183f754ce563371e7b1cb,2023-11-14T20:21:26Z,2023-11-14T20:21:26Z,2023-11-14T20:21:26+00:00,committer_time,same_side_of_tfg,consistent,established_focal_pr,,materialized,not_confirmed,,cases/reconstruction/CASE_091B52A05DEF/historical_state_acquisition_v4.json,data/derived/historical_information/CASE_091B52A05DEF/historical_information_boundary_v4.json,corpus_execution
CASE_0C81DAE6280D,PA,2023-07-31T15:37:00.377631+00:00,reconstructed_focal_state,focal,ec2a0db94a845a376e44601424e097b54680892e,9d90fc9cbc4f8e80334faaccb30223c2045baa27,2023-07-31T15:32:43Z,2023-07-31T15:32:43Z,2023-07-31T15:32:43+00:00,committer_time,same_side_of_tfg,consistent,established_focal_pr,,materialized,not_confirmed,,cases/reconstruction/CASE_0C81DAE6280D/historical_state_acquisition_v4.json,data/derived/historical_information/CASE_0C81DAE6280D/historical_information_boundary_v4.json,corpus_execution
CASE_0CE9E03556F1,PN,2023-06-15T12:00:33.229427+00:00,reconstructed_base_state,base,29e4ded1cec15e96c82ffc44ab9a2095c449face,39b8ce83caea48fb900577228f5cd0d3df1ea90a,2023-06-14T10:07:21Z,2023-06-14T10:07:21Z,2023-06-14T10:07:21+00:00,committer_time,same_side_of_tfg,consistent,established_focal_pr,pr_base_ref,materialized,not_confirmed,,cases/reconstruction/CASE_0CE9E03556F1/historical_state_acquisition_v4.json,data/derived/historical_information/CASE_0CE9E03556F1/historical_information_boundary_v4.json,corpus_execution
CASE_0ECE0C32A4BB,PA,2024-03-04T09:15:38.260049+00:00,reconstructed_focal_state,focal,98572e69dd24bb64652e9acb378b5d65b51e7f7b,4933a2d8cf2b5fa0264908d1b0ac399467ea5855,2024-02-15T22:03:02Z,2024-02-15T22:03:02Z,2024-02-15T22:03:02+00:00,committer_time,same_side_of_tfg,consistent,established_focal_pr,,materialized,not_confirmed,,cases/reconstruction/CASE_0ECE0C32A4BB/historical_state_acquisition_v4.json,data/derived/historical_information/CASE_0ECE0C32A4BB/historical_information_boundary_v4.json,corpus_execution
CASE_1754D5BAEC54,PN,2023-07-15T05:09:56.392897+00:00,reconstructed_focal_state,focal,6aef029e269fe5573d8aad0c8cd1882099a2b285,3d2847384c322835835709dc3184c45d64c363f5,2023-07-15T05:05:39Z,2023-07-15T05:05:39Z,2023-07-15T05:05:39+00:00,committer_time,same_side_of_tfg,consistent,established_focal_pr,,materialized,not_confirmed,,cases/reconstruction/CASE_1754D5BAEC54/historical_state_acquisition_v4.json,data/derived/historical_information/CASE_1754D5BAEC54/historical_information_boundary_v4.json,corpus_execution
CASE_179B36843FBE,PA,2023-07-24T07:18:17.145534+00:00,reconstructed_focal_state,focal,72a9a3399b274617a1ca5d72257269fe24561e5a,c71b4b433278452c6365a424e0ffa95d42941dbf,2023-07-23T09:55:55Z,2023-07-23T09:56:00Z,2023-07-23T09:56:00+00:00,committer_time,same_side_of_tfg,consistent,established_focal_pr,,materialized,not_confirmed,,cases/reconstruction/CASE_179B36843FBE/historical_state_acquisition_v4.json,data/derived/historical_information/CASE_179B36843FBE/historical_information_boundary_v4.json,corpus_execution
CASE_188C69620856,PA,2024-02-08T04:42:19.499871+00:00,reconstructed_focal_state,focal,50c09be47dbe8c9e77b176221e144ea86a0a71b1,6ecf9b7ce20d22901404032ab24e968cf168b4e6,2024-01-29T03:44:02Z,2024-01-29T03:44:02Z,2024-01-29T03:44:02+00:00,committer_time,same_side_of_tfg,consistent,established_focal_pr,,materialized,not_confirmed,,cases/reconstruction/CASE_188C69620856/historical_state_acquisition_v4.json,data/derived/historical_information/CASE_188C69620856/historical_information_boundary_v4.json,corpus_execution
CASE_193801513E85,PA,2023-09-16T11:14:32.846018+00:00,reconstructed_base_state,base,968361dd412d7137042ec192dece98afaaba90da,1880640c56eaff65327d47e9bd3ad62b0cb8ffdd,2023-09-15T19:28:02Z,2023-09-15T19:28:02Z,2023-09-15T19:28:02+00:00,committer_time,same_side_of_tfg,consistent,established_focal_pr,pr_base_ref,materialized,not_confirmed,,cases/reconstruction/CASE_193801513E85/historical_state_acquisition_v4.json,data/derived/historical_information/CASE_193801513E85/historical_information_boundary_v4.json,corpus_execution
CASE_194F3A461B65,PA,2024-02-18T18:17:35.190572+00:00,reconstructed_focal_state,focal,c86ee16f1886a4ca77ac049c81274f2d58f10099,2a54f6e011a3457578f723c55b7ad6f99951352a,2024-02-18T05:43:07Z,2024-02-18T05:43:07Z,2024-02-18T05:43:07+00:00,committer_time,same_side_of_tfg,consistent,established_focal_pr,,materialized,not_confirmed,,cases/reconstruction/CASE_194F3A461B65/historical_state_acquisition_v4.json,data/derived/historical_information/CASE_194F3A461B65/historical_information_boundary_v4.json,corpus_execution
CASE_1A72A70C88B5,PA,2024-02-14T00:08:46.581968+00:00,reconstructed_focal_state,focal,d6f996ec2a0101c890b8976fc58a0c92cdb001ca,797a2baccd07c982247acef4576da4785c907619,2024-02-13T23:50:06Z,2024-02-13T23:50:06Z,2024-02-13T23:50:06+00:00,committer_time,same_side_of_tfg,consistent,established_focal_pr,,materialized,not_confirmed,,cases/reconstruction/CASE_1A72A70C88B5/historical_state_acquisition_v4.json,data/derived/historical_information/CASE_1A72A70C88B5/historical_information_boundary_v4.json,corpus_execution
CASE_1C3B62857D19,PA,2024-01-15T00:03:53.295269+00:00,reconstructed_focal_state,focal,f3248e54401e171fb551dffea7c33b50bd88b02e,93fa0c48945e9c5b1ff20cf9e21a936e4f12d2a0,2024-01-12T21:44:14Z,2024-01-12T21:44:14Z,2024-01-12T21:44:14+00:00,committer_time,same_side_of_tfg,consistent,established_focal_pr,,materialized,not_confirmed,,cases/reconstruction/CASE_1C3B62857D19/historical_state_acquisition_v4.json,data/derived/historical_information/CASE_1C3B62857D19/historical_information_boundary_v4.json,corpus_execution
CASE_1FEA1F5DE7C1,PA,2024-04-16T11:15:01.694532+00:00,reconstructed_focal_state,focal,9cd4e8a5ad9b48fad5656caa563d1bcf76786b88,c728b6c80528e4d9cc0f5695eab40f8dff884ccd,2024-04-16T10:55:52Z,2024-04-16T10:55:52Z,2024-04-16T10:55:52+00:00,committer_time,same_side_of_tfg,consistent,established_focal_pr,,materialized,not_confirmed,,cases/reconstruction/CASE_1FEA1F5DE7C1/historical_state_acquisition_v4.json,data/derived/historical_information/CASE_1FEA1F5DE7C1/historical_information_boundary_v4.json,corpus_execution
CASE_21DFA2A0B7DA,PN,2023-06-06T13:54:25.318481+00:00,reconstructed_focal_state,focal,e1e6dc8e33bbb255fe27e8ff7d6fe77ba31e57e5,7d55ae509ce41a86a32ce7bd90e551539e56ff30,2023-06-06T11:59:07Z,2023-06-06T11:59:07Z,2023-06-06T11:59:07+00:00,committer_time,same_side_of_tfg,consistent,established_focal_pr,,materialized,not_confirmed,,cases/reconstruction/CASE_21DFA2A0B7DA/historical_state_acquisition_v4.json,data/derived/historical_information/CASE_21DFA2A0B7DA/historical_information_boundary_v4.json,corpus_execution
CASE_26F615E94B29,PA,2023-10-02T18:17:19.796546+00:00,reconstructed_focal_state,focal,8193a830450c90cba8b47ba7d3b00f77a413826d,d44f3138d1a17652236c4363d361c49b82c373c7,2023-10-02T13:30:53Z,2023-10-02T13:30:53Z,2023-10-02T13:30:53+00:00,committer_time,same_side_of_tfg,consistent,established_focal_pr,,materialized,not_confirmed,,cases/reconstruction/CASE_26F615E94B29/historical_state_acquisition_v4.json,data/derived/historical_information/CASE_26F615E94B29/historical_information_boundary_v4.json,corpus_execution
CASE_298A455FBBD8,PA,2024-02-09T05:53:05.925557+00:00,reconstructed_focal_state,focal,2b6ba9e03d8cfcd40f1c26cfe6ad571f3b35a837,d9532cb8159bc301d3f26dc7c9e6a4f01a70a875,2024-02-09T05:23:18Z,2024-02-09T05:23:18Z,2024-02-09T05:23:18+00:00,committer_time,same_side_of_tfg,consistent,established_focal_pr,,materialized,not_confirmed,,cases/reconstruction/CASE_298A455FBBD8/historical_state_acquisition_v4.json,data/derived/historical_information/CASE_298A455FBBD8/historical_information_boundary_v4.json,corpus_execution
CASE_2ABF4A57FD48,PA,2023-07-17T11:32:28.751245+00:00,reconstructed_base_state,base,1ca129106c6e9556957870ec57589dc180705f6a,6da0b4333574b6190a1ade65744fb4e73575ba36,2023-07-13T17:45:18Z,2023-07-13T17:45:18Z,2023-07-13T17:45:18+00:00,committer_time,same_side_of_tfg,consistent,established_focal_pr,pr_base_ref,materialized,not_confirmed,,cases/reconstruction/CASE_2ABF4A57FD48/historical_state_acquisition_v4.json,data/derived/historical_information/CASE_2ABF4A57FD48/historical_information_boundary_v4.json,corpus_execution
CASE_2BAC9476B7B1,PN,2023-07-26T18:13:07.971202+00:00,reconstructed_base_state,base,44eebc79d31fd74661f1975d03bb25b75a4f8f1c,18212d77eb1d9713b5e271d7bf5873024bfdce2f,2023-06-22T12:26:31Z,2023-06-22T12:26:31Z,2023-06-22T12:26:31+00:00,committer_time,same_side_of_tfg,consistent,established_focal_pr,pr_base_ref,materialized,not_confirmed,,cases/reconstruction/CASE_2BAC9476B7B1/historical_state_acquisition_v4.json,data/derived/historical_information/CASE_2BAC9476B7B1/historical_information_boundary_v4.json,corpus_execution
CASE_2D5D7C7DC776,PA,2024-04-21T03:56:24.373903+00:00,reconstructed_focal_state,focal,57e3208224b6675f4632b056c4ee4c54b55fa842,93d4fa659c621402c80abf95772bb66099c7ddac,2024-04-20T22:02:41Z,2024-04-20T22:02:41Z,2024-04-20T22:02:41+00:00,committer_time,same_side_of_tfg,consistent,established_focal_pr,,materialized,not_confirmed,,cases/reconstruction/CASE_2D5D7C7DC776/historical_state_acquisition_v4.json,data/derived/historical_information/CASE_2D5D7C7DC776/historical_information_boundary_v4.json,corpus_execution
CASE_2EE7F39A770C,PA,2023-06-27T10:44:59.407016+00:00,reconstructed_focal_state,focal,cbd4fd87a2df58d3315a425d92f3cc1f1d9b496b,591e57f6ad58c2395e1d72d702fe9028d3cdf81a,2023-06-27T08:01:40Z,2023-06-27T08:01:40Z,2023-06-27T08:01:40+00:00,committer_time,same_side_of_tfg,consistent,established_focal_pr,,materialized,not_confirmed,,cases/reconstruction/CASE_2EE7F39A770C/historical_state_acquisition_v4.json,data/derived/historical_information/CASE_2EE7F39A770C/historical_information_boundary_v4.json,corpus_execution
CASE_31B64CD9DDDB,PA,2023-12-18T22:52:27.760544+00:00,reconstructed_focal_state,focal,a370bf88527494da672ddf89b0528c89c29a948f,3bdbd739213e1c22cc512fc569361057f75f95bb,2023-12-18T22:51:09Z,2023-12-18T22:51:09Z,2023-12-18T22:51:09+00:00,committer_time,same_side_of_tfg,consistent,established_focal_pr,,materialized,not_confirmed,,cases/reconstruction/CASE_31B64CD9DDDB/historical_state_acquisition_v4.json,data/derived/historical_information/CASE_31B64CD9DDDB/historical_information_boundary_v4.json,corpus_execution
CASE_34CAAE296942,PN,2023-08-24T17:33:46.236043+00:00,reconstructed_focal_state,focal,862b538e2eccead1bc6ff52f0b3ca9b46724fb22,aa5ec8d23c43f4139cc2ed262063b8824520fd05,2023-08-24T17:25:54Z,2023-08-24T17:25:54Z,2023-08-24T17:25:54+00:00,committer_time,same_side_of_tfg,consistent,established_focal_pr,,materialized,not_confirmed,,cases/reconstruction/CASE_34CAAE296942/historical_state_acquisition_v4.json,data/derived/historical_information/CASE_34CAAE296942/historical_information_boundary_v4.json,corpus_execution
CASE_34D14D6B0BB7,PA,2023-10-09T17:53:50.509201+00:00,reconstructed_focal_state,focal,cd1858bf16b0b31e003043a6d6f9b661d959d8d0,26313da18afa719293d4755f5b56dad1f19712ac,2023-10-08T14:30:53Z,2023-10-08T14:30:53Z,2023-10-08T14:30:53+00:00,committer_time,same_side_of_tfg,consistent,established_focal_pr,,materialized,not_confirmed,,cases/reconstruction/CASE_34D14D6B0BB7/historical_state_acquisition_v4.json,data/derived/historical_information/CASE_34D14D6B0BB7/historical_information_boundary_v4.json,corpus_execution
CASE_36570F50AD25,PA,2023-12-13T11:36:34.939884+00:00,reconstructed_base_state,base,d66ae022763a8ceaa6e0c993b20edd70d71e87dd,636366a8b4857196ee3fa266c21475d32af8b857,2023-12-13T00:24:41Z,2023-12-13T00:24:41Z,2023-12-13T00:24:41+00:00,committer_time,same_side_of_tfg,consistent,established_focal_pr,pr_base_ref,materialized,not_confirmed,,cases/reconstruction/CASE_36570F50AD25/historical_state_acquisition_v4.json,data/derived/historical_information/CASE_36570F50AD25/historical_information_boundary_v4.json,corpus_execution
CASE_36ED555D6DE4,PA,2023-08-21T13:20:58.574449+00:00,reconstructed_base_state,base,5ec1b047729d2733e857f37b8348a19f776159a4,c082700086abdac34f43157eaf75d94d14215875,2023-08-21T13:13:03Z,2023-08-21T13:13:03Z,2023-08-21T13:13:03+00:00,committer_time,same_side_of_tfg,consistent,established_focal_pr,pr_base_ref,materialized,not_confirmed,,cases/reconstruction/CASE_36ED555D6DE4/historical_state_acquisition_v4.json,data/derived/historical_information/CASE_36ED555D6DE4/historical_information_boundary_v4.json,corpus_execution
CASE_3A639B473AED,PA,2023-08-07T17:40:16.134775+00:00,reconstructed_focal_state,focal,8deb68c2daddad7466f3301c381da937e9e3ddab,4758da1bcd3047ee3866fc4ea1dfd09a0cf83b86,2023-08-07T17:26:26Z,2023-08-07T17:26:26Z,2023-08-07T17:26:26+00:00,committer_time,same_side_of_tfg,consistent,established_focal_pr,,materialized,not_confirmed,,cases/reconstruction/CASE_3A639B473AED/historical_state_acquisition_v4.json,data/derived/historical_information/CASE_3A639B473AED/historical_information_boundary_v4.json,corpus_execution
CASE_3D1C336B94C8,PA,2023-07-19T20:01:20.995290+00:00,reconstructed_base_state,base,2c305f3bac39a5e404f988921f1587fa67dd12b5,8e5468364ce0333dad6b0e0e589cb584ecfaf442,2023-07-19T19:44:40Z,2023-07-19T19:44:40Z,2023-07-19T19:44:40+00:00,committer_time,same_side_of_tfg,consistent,established_focal_pr,pr_base_ref,materialized,not_confirmed,,cases/reconstruction/CASE_3D1C336B94C8/historical_state_acquisition_v4.json,data/derived/historical_information/CASE_3D1C336B94C8/historical_information_boundary_v4.json,corpus_execution
CASE_3E10D31BBE69,PN,2023-09-20T19:43:32.893493+00:00,reconstructed_base_state,base,db9c58ae1e40869af67f8be768bda1280bceca70,c446ceefd5be592c9afcdc6446d32e1f79e41014,2023-09-20T16:50:39Z,2023-09-20T16:50:39Z,2023-09-20T16:50:39+00:00,committer_time,same_side_of_tfg,consistent,established_focal_pr,pr_base_ref,materialized,not_confirmed,,cases/reconstruction/CASE_3E10D31BBE69/historical_state_acquisition_v4.json,data/derived/historical_information/CASE_3E10D31BBE69/historical_information_boundary_v4.json,corpus_execution
CASE_3E3A525883BA,PA,2023-10-25T17:35:23.953244+00:00,reconstructed_focal_state,focal,b1fe6815409197aa93acb738db35219bef5e356a,792375e5a3dd8ebe58ad1c632b1e8c5abc3b5665,2023-10-24T14:29:04Z,2023-10-24T14:33:20Z,2023-10-24T14:33:20+00:00,committer_time,same_side_of_tfg,consistent,established_focal_pr,,materialized,not_confirmed,,cases/reconstruction/CASE_3E3A525883BA/historical_state_acquisition_v4.json,data/derived/historical_information/CASE_3E3A525883BA/historical_information_boundary_v4.json,corpus_execution
CASE_43E88314E461,PN,2023-12-13T21:44:11.190978+00:00,reconstructed_focal_state,focal,dbd1f6022eb01ad4fe94e23f2cc310955f05a8ff,14c88cf8dc261999550b9c9e7e7b1b64fc61e822,2023-12-13T21:28:24Z,2023-12-13T21:28:24Z,2023-12-13T21:28:24+00:00,committer_time,same_side_of_tfg,consistent,established_focal_pr,,materialized,not_confirmed,,cases/reconstruction/CASE_43E88314E461/historical_state_acquisition_v4.json,data/derived/historical_information/CASE_43E88314E461/historical_information_boundary_v4.json,corpus_execution
CASE_50556C8D545F,PN,2023-10-23T20:10:13.700623+00:00,reconstructed_focal_state,focal,0371c0400904f8b6a888043350c8006d41c676c6,53be46e716ef6dedd8b32a382a91a5727ee5ce9c,2023-10-23T17:10:54Z,2023-10-23T17:10:54Z,2023-10-23T17:10:54+00:00,committer_time,same_side_of_tfg,consistent,established_focal_pr,,materialized,not_confirmed,,cases/reconstruction/CASE_50556C8D545F/historical_state_acquisition_v4.json,data/derived/historical_information/CASE_50556C8D545F/historical_information_boundary_v4.json,corpus_execution
CASE_522F0F296F37,PA,2023-07-21T13:02:53.574420+00:00,reconstructed_focal_state,focal,055fc6f7dd85922737fd64634afd65c488afcab8,0bdc82db3f76d2079e2be74d28695f769f601729,2023-07-21T12:28:56Z,2023-07-21T12:28:56Z,2023-07-21T12:28:56+00:00,committer_time,same_side_of_tfg,consistent,established_focal_pr,,materialized,not_confirmed,,cases/reconstruction/CASE_522F0F296F37/historical_state_acquisition_v4.json,data/derived/historical_information/CASE_522F0F296F37/historical_information_boundary_v4.json,corpus_execution
CASE_59209E5F12FB,PA,2024-04-04T20:13:02.863768+00:00,reconstructed_focal_state,focal,f864d785f2dc56573de23d3bf37894267da7cf9f,da97dfdf9cf92f8bf08cc6d67b6ffa0772137775,2024-04-04T20:12:15Z,2024-04-04T20:12:15Z,2024-04-04T20:12:15+00:00,committer_time,same_side_of_tfg,consistent,established_focal_pr,,materialized,not_confirmed,,cases/reconstruction/CASE_59209E5F12FB/historical_state_acquisition_v4.json,data/derived/historical_information/CASE_59209E5F12FB/historical_information_boundary_v4.json,corpus_execution
CASE_5A3A043A5011,PA,2023-08-13T08:05:30.672917+00:00,reconstructed_focal_state,focal,6aa40c3379140aac0ce771725551cf78d2d4a28e,31963995bce74b02058a480a5d880090448bde2b,2023-08-13T07:50:30Z,2023-08-13T07:50:30Z,2023-08-13T07:50:30+00:00,committer_time,same_side_of_tfg,consistent,established_focal_pr,,materialized,not_confirmed,,cases/reconstruction/CASE_5A3A043A5011/historical_state_acquisition_v4.json,data/derived/historical_information/CASE_5A3A043A5011/historical_information_boundary_v4.json,corpus_execution
CASE_5C203B1DBF11,PN,2023-10-26T14:03:17.028444+00:00,reconstructed_base_state,base,0c9e5584bb97cc4e0cdb39eea1045b3d6dc5280f,89c9b084cf3d769d022ac9b5fb44801cf7ef33f3,2023-10-16T21:23:45Z,2023-10-16T21:23:45Z,2023-10-16T21:23:45+00:00,committer_time,same_side_of_tfg,consistent,established_focal_pr,pr_base_ref,materialized,not_confirmed,,cases/reconstruction/CASE_5C203B1DBF11/historical_state_acquisition_v4.json,data/derived/historical_information/CASE_5C203B1DBF11/historical_information_boundary_v4.json,corpus_execution
CASE_5D45BE40E95A,PA,2023-10-02T23:06:13.290606+00:00,reconstructed_base_state,base,17049b13476382126283480840150924050f0799,65a37def8b9572a0a43cf7b18af18c93615a462b,2023-09-28T22:08:48Z,2023-09-28T22:08:48Z,2023-09-28T22:08:48+00:00,committer_time,same_side_of_tfg,consistent,established_focal_pr,other_explicitly_justified_route,materialized,not_confirmed,,cases/reconstruction/CASE_5D45BE40E95A/historical_state_acquisition_v4.json,data/derived/historical_information/CASE_5D45BE40E95A/historical_information_boundary_v4.json,previously_executed_revalidated_identical
CASE_5FC257622E18,PN,2023-08-23T10:06:56.662222+00:00,reconstructed_focal_state,focal,060ee6e51fb4f7dd02ebe223f24f50c65c54edce,dd7fa71b2868412fad9e16887b9fbdc285e6bae3,2023-08-23T09:13:13Z,2023-08-23T09:13:13Z,2023-08-23T09:13:13+00:00,committer_time,same_side_of_tfg,consistent,established_focal_pr,,materialized,not_confirmed,,cases/reconstruction/CASE_5FC257622E18/historical_state_acquisition_v4.json,data/derived/historical_information/CASE_5FC257622E18/historical_information_boundary_v4.json,corpus_execution
CASE_60CF5311F25C,PA,2023-09-29T00:41:23.258596+00:00,reconstructed_focal_state,focal,3348257ec71349b43b352d5b8cacf2aded505aeb,e2e0591c6f95a16ba3f10b52154483ecdad329b6,2023-09-25T13:32:41Z,2023-09-25T13:32:41Z,2023-09-25T13:32:41+00:00,committer_time,same_side_of_tfg,consistent,established_focal_pr,,materialized,not_confirmed,,cases/reconstruction/CASE_60CF5311F25C/historical_state_acquisition_v4.json,data/derived/historical_information/CASE_60CF5311F25C/historical_information_boundary_v4.json,corpus_execution
CASE_6413F3DD2F91,PA,2024-03-05T20:20:12.845274+00:00,reconstructed_focal_state,focal,24487b31d62e364c1e02665c3524e7db91b3c6dc,aa72610d5fed412d8a10d1c2cb13adfad7c8afb0,2024-03-05T15:09:19Z,2024-03-05T15:09:19Z,2024-03-05T15:09:19+00:00,committer_time,same_side_of_tfg,consistent,established_focal_pr,,materialized,not_confirmed,,cases/reconstruction/CASE_6413F3DD2F91/historical_state_acquisition_v4.json,data/derived/historical_information/CASE_6413F3DD2F91/historical_information_boundary_v4.json,corpus_execution
CASE_6C2918844CE5,PA,2023-11-14T20:33:19.478217+00:00,reconstructed_base_state,base,ca868eecf0e1bde8a3c7f3f399ab88deb629275b,20eaa05a378dae91290a1c50640c4ae9882b1528,2023-11-14T20:27:57Z,2023-11-14T20:27:57Z,2023-11-14T20:27:57+00:00,committer_time,same_side_of_tfg,consistent,established_focal_pr,pr_base_ref,materialized,not_confirmed,,cases/reconstruction/CASE_6C2918844CE5/historical_state_acquisition_v4.json,data/derived/historical_information/CASE_6C2918844CE5/historical_information_boundary_v4.json,corpus_execution
CASE_6C65BC36BF60,PA,2024-04-12T18:22:14.741758+00:00,reconstructed_focal_state,focal,ac93f436444746baf4c400ceb64e02a2cbea3269,2132586acc69dbcdc3cc9a9e034cf7de4c54121f,2024-04-11T00:14:10Z,2024-04-11T00:14:10Z,2024-04-11T00:14:10+00:00,committer_time,same_side_of_tfg,consistent,established_focal_pr,,materialized,not_confirmed,,cases/reconstruction/CASE_6C65BC36BF60/historical_state_acquisition_v4.json,data/derived/historical_information/CASE_6C65BC36BF60/historical_information_boundary_v4.json,corpus_execution
CASE_6DA0F9615A57,PA,2023-07-12T10:56:20.468566+00:00,reconstructed_focal_state,focal,9a24334e409b50d08da729b60554a1bfccd482a3,4fff9ab9189eec629d6fc3c3c127da770a7f47cd,2023-07-11T14:40:25Z,2023-07-11T14:40:25Z,2023-07-11T14:40:25+00:00,committer_time,same_side_of_tfg,consistent,established_focal_pr,,materialized,not_confirmed,,cases/reconstruction/CASE_6DA0F9615A57/historical_state_acquisition_v4.json,data/derived/historical_information/CASE_6DA0F9615A57/historical_information_boundary_v4.json,corpus_execution
CASE_6ECAEEE54BD9,PN,2023-07-03T10:30:55.652206+00:00,reconstructed_base_state,base,c19207d15e0a4f323839997b880a39233a33656d,c3cf47faeba87ba75e2eb50b3187d37ae034b081,2023-07-03T08:15:11Z,2023-07-03T08:15:11Z,2023-07-03T08:15:11+00:00,committer_time,same_side_of_tfg,consistent,established_focal_pr,pr_base_ref,materialized,not_confirmed,,cases/reconstruction/CASE_6ECAEEE54BD9/historical_state_acquisition_v4.json,data/derived/historical_information/CASE_6ECAEEE54BD9/historical_information_boundary_v4.json,corpus_execution
CASE_72448D73D60F,PN,2023-11-16T02:13:13.571477+00:00,reconstructed_focal_state,focal,1e1cfe7ae9e64f9f30eec52012174b3a98e1d14e,6d1fa68705cea0af0102c2bdd5f6d363043d0360,2023-11-15T20:01:26Z,2023-11-15T20:01:26Z,2023-11-15T20:01:26+00:00,committer_time,same_side_of_tfg,consistent,established_focal_pr,,materialized,not_confirmed,,cases/reconstruction/CASE_72448D73D60F/historical_state_acquisition_v4.json,data/derived/historical_information/CASE_72448D73D60F/historical_information_boundary_v4.json,corpus_execution
CASE_7351FB1ECD56,PA,2023-06-05T08:19:36.723423+00:00,reconstructed_base_state,base,d072391eff54bdd554bfca5a468e6959871a732c,3e1694e7242861dbb280a7efbe88db1cb4b8109f,2023-06-02T14:30:48Z,2023-06-02T14:30:48Z,2023-06-02T14:30:48+00:00,committer_time,same_side_of_tfg,consistent,established_focal_pr,pr_base_ref,materialized,not_confirmed,,cases/reconstruction/CASE_7351FB1ECD56/historical_state_acquisition_v4.json,data/derived/historical_information/CASE_7351FB1ECD56/historical_information_boundary_v4.json,corpus_execution
CASE_74FE6518B1D8,PN,2023-09-30T04:21:13.310784+00:00,reconstructed_base_state,base,8fa9dbe3971e41172cab18aa019670c10e798932,99e2aeae25c31b7e5d5a5c8ad8cda7d92fc8cf45,2023-09-27T11:20:24Z,2023-09-27T11:20:24Z,2023-09-27T11:20:24+00:00,committer_time,same_side_of_tfg,consistent,established_focal_pr,pr_base_ref,materialized,not_confirmed,,cases/reconstruction/CASE_74FE6518B1D8/historical_state_acquisition_v4.json,data/derived/historical_information/CASE_74FE6518B1D8/historical_information_boundary_v4.json,corpus_execution
CASE_77BDD439B74B,PN,2023-11-17T03:45:45.804530+00:00,reconstructed_focal_state,focal,a20dfc9a8946a499b6ecf19ca8d90adbc1b50cb4,c3096b741751a947ff3896df86d71a8962ba1ca0,2023-11-16T08:48:08Z,2023-11-16T08:48:08Z,2023-11-16T08:48:08+00:00,committer_time,same_side_of_tfg,consistent,established_focal_pr,,materialized,not_confirmed,,cases/reconstruction/CASE_77BDD439B74B/historical_state_acquisition_v4.json,data/derived/historical_information/CASE_77BDD439B74B/historical_information_boundary_v4.json,corpus_execution
CASE_77D26276DFFD,PN,2023-12-20T08:05:37.270477+00:00,reconstructed_focal_state,focal,75c7d19b49d8195718f12dd48aa4969a58b69bbb,835f6012c4ec162bfc69dd51fdc90eae3dce90f0,2023-12-19T12:05:56Z,2023-12-19T12:05:56Z,2023-12-19T12:05:56+00:00,committer_time,same_side_of_tfg,consistent,established_focal_pr,,materialized,not_confirmed,,cases/reconstruction/CASE_77D26276DFFD/historical_state_acquisition_v4.json,data/derived/historical_information/CASE_77D26276DFFD/historical_information_boundary_v4.json,corpus_execution
CASE_7A2975A1686D,PA,2023-06-27T23:34:36.584168+00:00,reconstructed_base_state,base,e41d3e0e5667192c5add8b68c8fc7808b3612fc5,e65de61b064976629b076fcb80af8c9500441df5,2023-06-20T13:37:48Z,2023-06-20T13:37:48Z,2023-06-20T13:37:48+00:00,committer_time,same_side_of_tfg,consistent,established_focal_pr,pr_base_ref,materialized,not_confirmed,,cases/reconstruction/CASE_7A2975A1686D/historical_state_acquisition_v4.json,data/derived/historical_information/CASE_7A2975A1686D/historical_information_boundary_v4.json,corpus_execution
CASE_813B25949CF6,PN,2023-11-25T03:00:40.760965+00:00,reconstructed_focal_state,focal,4cfaf11137f70de805e4bf9ae0700efcd3c6ba70,84f76670e8aea79f57364158a92d78cf440c119c,2023-11-20T17:18:56Z,2023-11-20T17:18:56Z,2023-11-20T17:18:56+00:00,committer_time,same_side_of_tfg,consistent,established_focal_pr,,materialized,not_confirmed,,cases/reconstruction/CASE_813B25949CF6/historical_state_acquisition_v4.json,data/derived/historical_information/CASE_813B25949CF6/historical_information_boundary_v4.json,corpus_execution
CASE_82C8812C7E0F,PN,2023-12-08T06:10:45.819429+00:00,reconstructed_focal_state,focal,94a53b1d50a678136e7781496639b0edcf186594,c5d6fefe1d0b6ea28a96b1b8c8e5bc7118183a49,2023-12-08T03:59:15Z,2023-12-08T03:59:15Z,2023-12-08T03:59:15+00:00,committer_time,same_side_of_tfg,consistent,established_focal_pr,,materialized,not_confirmed,,cases/reconstruction/CASE_82C8812C7E0F/historical_state_acquisition_v4.json,data/derived/historical_information/CASE_82C8812C7E0F/historical_information_boundary_v4.json,corpus_execution
CASE_84DFC90D3698,PA,2023-06-23T14:20:15.098399+00:00,reconstructed_focal_state,focal,56c04110e67c30d309d63875c891844ab35cee9c,20c9dea3351485aebcb4b454b49b9e88a6e54fa7,2023-06-23T12:04:51Z,2023-06-23T12:04:51Z,2023-06-23T12:04:51+00:00,committer_time,same_side_of_tfg,consistent,established_focal_pr,,materialized,not_confirmed,,cases/reconstruction/CASE_84DFC90D3698/historical_state_acquisition_v4.json,data/derived/historical_information/CASE_84DFC90D3698/historical_information_boundary_v4.json,corpus_execution
CASE_85AD863F8290,PA,2024-01-09T07:36:25.716598+00:00,reconstructed_base_state,base,e3997d0f6cff865270b3abf645c289f2c3f519c5,6b95eb2c0a265b5aeaaa995b96237ba160fcc652,2024-01-08T17:35:42Z,2024-01-08T17:35:42Z,2024-01-08T17:35:42+00:00,committer_time,same_side_of_tfg,consistent,established_focal_pr,pr_base_ref,materialized,not_confirmed,,cases/reconstruction/CASE_85AD863F8290/historical_state_acquisition_v4.json,data/derived/historical_information/CASE_85AD863F8290/historical_information_boundary_v4.json,previously_executed_revalidated_identical
CASE_8A756AAC10B8,PN,2024-01-24T12:29:52.633607+00:00,reconstructed_base_state,base,cae2816141b3a7d3fbfb0d46728e5c9c6b9d0ca0,e5e98191533f29f0106308d374b41debbe7df63a,2024-01-24T12:23:48Z,2024-01-24T12:23:48Z,2024-01-24T12:23:48+00:00,committer_time,same_side_of_tfg,consistent,established_focal_pr,pr_base_ref,materialized,not_confirmed,,cases/reconstruction/CASE_8A756AAC10B8/historical_state_acquisition_v4.json,data/derived/historical_information/CASE_8A756AAC10B8/historical_information_boundary_v4.json,corpus_execution
CASE_8A8D4442D5EB,PN,2023-07-11T07:30:18.953972+00:00,reconstructed_focal_state,focal,3a4fa7934d927688728a6d39e7bf7b176f7abf0c,794250dd7e07e299eaa96227e2a34782810b18d2,2023-07-10T23:37:13Z,2023-07-10T23:37:13Z,2023-07-10T23:37:13+00:00,committer_time,same_side_of_tfg,consistent,established_focal_pr,,materialized,not_confirmed,,cases/reconstruction/CASE_8A8D4442D5EB/historical_state_acquisition_v4.json,data/derived/historical_information/CASE_8A8D4442D5EB/historical_information_boundary_v4.json,corpus_execution
CASE_91E13A588000,PA,2023-06-15T18:25:25.619340+00:00,reconstructed_focal_state,focal,0d6560a526765ad7e37fe6ed6ce825c31d41c76f,e4f7764add891234b683b071b6d2687458dd6b4b,2023-06-15T18:24:03Z,2023-06-15T18:24:03Z,2023-06-15T18:24:03+00:00,committer_time,same_side_of_tfg,consistent,established_focal_pr,,materialized,not_confirmed,,cases/reconstruction/CASE_91E13A588000/historical_state_acquisition_v4.json,data/derived/historical_information/CASE_91E13A588000/historical_information_boundary_v4.json,corpus_execution
CASE_9213ACECEA46,PA,2024-05-03T14:48:15.355598+00:00,reconstructed_base_state,base,87043b725f96ffab7a7fd299da9a477897dc7405,312488b623c818e66746216bec05f77cc7a6c2bc,2024-05-03T10:01:01Z,2024-05-03T14:09:59Z,2024-05-03T14:09:59+00:00,committer_time,same_side_of_tfg,consistent,established_focal_pr,pr_base_ref,materialized,not_confirmed,,cases/reconstruction/CASE_9213ACECEA46/historical_state_acquisition_v4.json,data/derived/historical_information/CASE_9213ACECEA46/historical_information_boundary_v4.json,corpus_execution
CASE_978B83E2DF72,PA,2023-11-23T04:34:55.099208+00:00,reconstructed_base_state,base,6b8ec3cc4b6a1037ffa93e19fb92d9cf5e731ff9,983230294d7fafd3ed5af25d0c007251de6ef4bd,2023-11-19T15:44:08Z,2023-11-19T15:44:08Z,2023-11-19T15:44:08+00:00,committer_time,same_side_of_tfg,consistent,established_focal_pr,other_explicitly_justified_route,materialized,not_confirmed,,cases/reconstruction/CASE_978B83E2DF72/historical_state_acquisition_v4.json,data/derived/historical_information/CASE_978B83E2DF72/historical_information_boundary_v4.json,previously_executed_revalidated_identical
CASE_97AFC2022473,PA,2023-12-13T16:35:54.603014+00:00,reconstructed_base_state,base,925f0b5222dddf4e7c2a410645e9d5ccaac62f6c,5034df9128f6a502e36ba3f86ff3163ca330c0aa,2023-12-13T14:57:40Z,2023-12-13T14:57:40Z,2023-12-13T14:57:40+00:00,committer_time,same_side_of_tfg,consistent,established_focal_pr,pr_base_ref,materialized,not_confirmed,,cases/reconstruction/CASE_97AFC2022473/historical_state_acquisition_v4.json,data/derived/historical_information/CASE_97AFC2022473/historical_information_boundary_v4.json,previously_executed_revalidated_identical
CASE_98B41CACA483,PN,2023-09-02T12:57:57.488403+00:00,reconstructed_focal_state,focal,f7f0ba5278ddf1d936fcd242165d97f4a295bb29,d2332ccc870d39613f6bc14f6f6050fdd6f814b9,2023-09-01T09:21:19Z,2023-09-01T09:21:19Z,2023-09-01T09:21:19+00:00,committer_time,same_side_of_tfg,consistent,established_focal_pr,,materialized,not_confirmed,,cases/reconstruction/CASE_98B41CACA483/historical_state_acquisition_v4.json,data/derived/historical_information/CASE_98B41CACA483/historical_information_boundary_v4.json,corpus_execution
CASE_99D45A6BFF86,PA,2023-07-17T10:36:56.582774+00:00,reconstructed_base_state,base,1ca129106c6e9556957870ec57589dc180705f6a,6da0b4333574b6190a1ade65744fb4e73575ba36,2023-07-13T17:45:18Z,2023-07-13T17:45:18Z,2023-07-13T17:45:18+00:00,committer_time,same_side_of_tfg,consistent,established_focal_pr,pr_base_ref,materialized,not_confirmed,,cases/reconstruction/CASE_99D45A6BFF86/historical_state_acquisition_v4.json,data/derived/historical_information/CASE_99D45A6BFF86/historical_information_boundary_v4.json,corpus_execution
CASE_9B31F94A6604,PA,2023-06-01T02:12:42.148960+00:00,reconstructed_focal_state,focal,1356d8e1a53c410b334c4ed1919b11cf56178880,0fadd409a51842df0a1cf3a48cf680f00089b68a,2023-05-23T04:22:51Z,2023-05-23T04:22:51Z,2023-05-23T04:22:51+00:00,committer_time,same_side_of_tfg,consistent,established_focal_pr,,materialized,not_confirmed,,cases/reconstruction/CASE_9B31F94A6604/historical_state_acquisition_v4.json,data/derived/historical_information/CASE_9B31F94A6604/historical_information_boundary_v4.json,corpus_execution
CASE_9E4D3DF1CDB9,PN,2023-07-13T21:17:21.868937+00:00,reconstructed_focal_state,focal,071163cabb1ee67af584281e6ee91a84feddf5e8,e655ed4a21645c6c1fd3e94b512ea71c08a1edc7,2023-07-13T21:15:27Z,2023-07-13T21:15:27Z,2023-07-13T21:15:27+00:00,committer_time,same_side_of_tfg,consistent,established_focal_pr,,materialized,not_confirmed,,cases/reconstruction/CASE_9E4D3DF1CDB9/historical_state_acquisition_v4.json,data/derived/historical_information/CASE_9E4D3DF1CDB9/historical_information_boundary_v4.json,corpus_execution
CASE_A0301CC135FC,PA,2024-03-06T09:48:39.965068+00:00,reconstructed_focal_state,focal,80f252b019f6c99e8bc4d5fe0d60c07e6e858450,31649aa7d1d8d6ee2fe0cbe676500727efd6845d,2024-03-05T16:28:35Z,2024-03-05T16:28:35Z,2024-03-05T16:28:35+00:00,committer_time,same_side_of_tfg,consistent,established_focal_pr,,materialized,not_confirmed,,cases/reconstruction/CASE_A0301CC135FC/historical_state_acquisition_v4.json,data/derived/historical_information/CASE_A0301CC135FC/historical_information_boundary_v4.json,corpus_execution
CASE_A1DC1299D73A,PA,2024-04-11T21:03:17.338142+00:00,reconstructed_base_state,base,9545baf1f71923b4a5094dac707224c5d99497c4,3a82aaaba0f82026b111e48a9aeadad9ac1f9aae,2024-04-11T00:26:18Z,2024-04-11T00:26:18Z,2024-04-11T00:26:18+00:00,committer_time,same_side_of_tfg,consistent,established_focal_pr,pr_base_ref,materialized,not_confirmed,,cases/reconstruction/CASE_A1DC1299D73A/historical_state_acquisition_v4.json,data/derived/historical_information/CASE_A1DC1299D73A/historical_information_boundary_v4.json,corpus_execution
CASE_A33FC2CCCA9D,PN,2023-09-15T23:10:11.107760+00:00,reconstructed_focal_state,focal,4d4217264175dfb324478eaaa0f61b7babbf9e56,cb2e8bb708beab2732eee46f28c4c0c5da7ad4be,2023-09-15T06:10:41Z,2023-09-15T06:10:41Z,2023-09-15T06:10:41+00:00,committer_time,same_side_of_tfg,consistent,established_focal_pr,,materialized,not_confirmed,,cases/reconstruction/CASE_A33FC2CCCA9D/historical_state_acquisition_v4.json,data/derived/historical_information/CASE_A33FC2CCCA9D/historical_information_boundary_v4.json,corpus_execution
CASE_A46532387B1B,PA,2024-04-21T05:31:55.125883+00:00,reconstructed_focal_state,focal,8e0f8c05e98958f931e84317516bc9be8004fec1,9d15bd70b3af5c280aa77d705948063f7b85c8ab,2024-04-21T02:23:28Z,2024-04-21T02:23:28Z,2024-04-21T02:23:28+00:00,committer_time,same_side_of_tfg,consistent,established_focal_pr,,materialized,not_confirmed,,cases/reconstruction/CASE_A46532387B1B/historical_state_acquisition_v4.json,data/derived/historical_information/CASE_A46532387B1B/historical_information_boundary_v4.json,corpus_execution
CASE_A48E956577BA,PA,2023-12-07T16:27:18.728553+00:00,reconstructed_focal_state,focal,29d6ea42d74d012e5afdb8f4b4356099046a99c6,af9eb74433cbd8d2881ddfab15e14d152101afa1,2023-12-07T15:43:12Z,2023-12-07T15:43:12Z,2023-12-07T15:43:12+00:00,committer_time,same_side_of_tfg,consistent,established_focal_pr,,materialized,not_confirmed,,cases/reconstruction/CASE_A48E956577BA/historical_state_acquisition_v4.json,data/derived/historical_information/CASE_A48E956577BA/historical_information_boundary_v4.json,corpus_execution
CASE_A4CDC94D210B,PA,2023-06-12T18:08:24.454929+00:00,reconstructed_base_state,base,3cbc83b1decc28f38d27b9d2cf8f33f771e4b4a4,23c08271c6768a9a5ee4ecf8de98f9fe597df2bf,2023-06-12T16:42:32Z,2023-06-12T16:42:32Z,2023-06-12T16:42:32+00:00,committer_time,same_side_of_tfg,consistent,established_focal_pr,pr_base_ref,materialized,not_confirmed,,cases/reconstruction/CASE_A4CDC94D210B/historical_state_acquisition_v4.json,data/derived/historical_information/CASE_A4CDC94D210B/historical_information_boundary_v4.json,corpus_execution
CASE_AADA2C787EEE,PN,2023-07-17T12:56:44.032860+00:00,reconstructed_base_state,base,1ca129106c6e9556957870ec57589dc180705f6a,6da0b4333574b6190a1ade65744fb4e73575ba36,2023-07-13T17:45:18Z,2023-07-13T17:45:18Z,2023-07-13T17:45:18+00:00,committer_time,same_side_of_tfg,consistent,established_focal_pr,pr_base_ref,materialized,not_confirmed,,cases/reconstruction/CASE_AADA2C787EEE/historical_state_acquisition_v4.json,data/derived/historical_information/CASE_AADA2C787EEE/historical_information_boundary_v4.json,corpus_execution
CASE_AB42B2598A84,PA,2024-01-08T11:48:53.299044+00:00,reconstructed_focal_state,focal,b294083892f35eb228788665591f51b407a348e0,0fb862c2106e659ff0849d316d1afd850a04d985,2024-01-08T10:27:07Z,2024-01-08T10:27:07Z,2024-01-08T10:27:07+00:00,committer_time,same_side_of_tfg,consistent,established_focal_pr,,materialized,not_confirmed,,cases/reconstruction/CASE_AB42B2598A84/historical_state_acquisition_v4.json,data/derived/historical_information/CASE_AB42B2598A84/historical_information_boundary_v4.json,corpus_execution
CASE_AD8C4F13A90B,PN,2023-09-05T05:08:56.471521+00:00,reconstructed_base_state,base,04687216ba67e6ebace4a5662aa117da1b6bf7a3,b64432f2af085dd3d84eafca8f0a18fc97c3dc49,2023-09-05T04:14:22Z,2023-09-05T04:14:22Z,2023-09-05T04:14:22+00:00,committer_time,same_side_of_tfg,consistent,established_focal_pr,pr_base_ref,materialized,not_confirmed,,cases/reconstruction/CASE_AD8C4F13A90B/historical_state_acquisition_v4.json,data/derived/historical_information/CASE_AD8C4F13A90B/historical_information_boundary_v4.json,corpus_execution
CASE_B0892F2A5485,PA,2024-02-14T20:21:41.599236+00:00,reconstructed_base_state,base,5911de117b58f3c3ffb2bee73a7e38c37b3836db,9073d92755ba09142484a98ba8e1e4f688803432,2024-02-14T08:51:32Z,2024-02-14T08:51:32Z,2024-02-14T08:51:32+00:00,committer_time,same_side_of_tfg,consistent,established_focal_pr,pr_base_ref,materialized,not_confirmed,,cases/reconstruction/CASE_B0892F2A5485/historical_state_acquisition_v4.json,data/derived/historical_information/CASE_B0892F2A5485/historical_information_boundary_v4.json,corpus_execution
CASE_B0A21EE800C0,PA,2023-09-18T10:32:45.973662+00:00,reconstructed_focal_state,focal,78a740d047f0d8953b922ab4ec2f2a982ef1cb06,27fe0ceb11dc7fd7b90ccf418f1b820fa34bd5ae,2023-09-18T07:23:08Z,2023-09-18T07:23:08Z,2023-09-18T07:23:08+00:00,committer_time,same_side_of_tfg,consistent,established_focal_pr,,materialized,not_confirmed,,cases/reconstruction/CASE_B0A21EE800C0/historical_state_acquisition_v4.json,data/derived/historical_information/CASE_B0A21EE800C0/historical_information_boundary_v4.json,corpus_execution
CASE_B27322676691,PN,2023-05-31T20:15:15.484299+00:00,reconstructed_focal_state,focal,cf1bed97409aa9b3658dd5c4910783b7c4bf5a06,a49e9094138d21201726b6ff352737e5870d8725,2023-05-31T14:03:03Z,2023-05-31T14:03:03Z,2023-05-31T14:03:03+00:00,committer_time,same_side_of_tfg,consistent,established_focal_pr,,materialized,not_confirmed,,cases/reconstruction/CASE_B27322676691/historical_state_acquisition_v4.json,data/derived/historical_information/CASE_B27322676691/historical_information_boundary_v4.json,corpus_execution
CASE_B98070F8A24D,PA,2023-11-22T09:50:27.931547+00:00,reconstructed_base_state,base,5a5aba61ea05ea746235452b7b56ce018919e48b,0dcc5ad56b2581a8ae7ed52f8872fdb966dfaaa7,2023-11-20T16:06:56Z,2023-11-22T09:49:45Z,2023-11-22T09:49:45+00:00,committer_time,same_side_of_tfg,consistent,established_focal_pr,other_explicitly_justified_route,materialized,not_confirmed,,cases/reconstruction/CASE_B98070F8A24D/historical_state_acquisition_v4.json,data/derived/historical_information/CASE_B98070F8A24D/historical_information_boundary_v4.json,previously_executed_revalidated_identical
CASE_B9E914A3762C,PN,2023-12-21T13:45:06.739286+00:00,reconstructed_focal_state,focal,75aec434957a89d1ea95a68463e22be52b5d6fcc,c2b5fbea75df7cd2cbd70c9052385dd55b4ba6b6,2023-12-12T17:14:27Z,2023-12-12T17:14:27Z,2023-12-12T17:14:27+00:00,committer_time,same_side_of_tfg,consistent,established_focal_pr,,materialized,not_confirmed,,cases/reconstruction/CASE_B9E914A3762C/historical_state_acquisition_v4.json,data/derived/historical_information/CASE_B9E914A3762C/historical_information_boundary_v4.json,corpus_execution
CASE_BD187BC12672,PN,2023-05-31T19:28:34.435239+00:00,reconstructed_focal_state,focal,1c9b9929add4a3eeaf42f4e1fd09f569a299356c,4ebda115aea94f28e0e8390db45ddaf0dde43a3a,2023-05-31T14:22:29Z,2023-05-31T14:22:29Z,2023-05-31T14:22:29+00:00,committer_time,same_side_of_tfg,consistent,established_focal_pr,,materialized,not_confirmed,,cases/reconstruction/CASE_BD187BC12672/historical_state_acquisition_v4.json,data/derived/historical_information/CASE_BD187BC12672/historical_information_boundary_v4.json,corpus_execution
CASE_BD3DEF3FC202,PN,2023-06-28T18:18:28.582688+00:00,reconstructed_base_state,base,87cc6f421ec3c2d4c3c7bf0c14e215e0d3564885,a8054393083807de746fd05ea378362ceabdb1e8,2023-06-28T18:14:35Z,2023-06-28T18:14:35Z,2023-06-28T18:14:35+00:00,committer_time,same_side_of_tfg,consistent,established_focal_pr,other_explicitly_justified_route,materialized,not_confirmed,,cases/reconstruction/CASE_BD3DEF3FC202/historical_state_acquisition_v4.json,data/derived/historical_information/CASE_BD3DEF3FC202/historical_information_boundary_v4.json,previously_executed_revalidated_identical
CASE_BFB2599E145D,PA,2023-11-30T08:40:22.179209+00:00,reconstructed_focal_state,focal,c241900c8d6ac0ac6a7f7529c0e0dd87198dd348,f111151e1f9972045746a99915c2ef407f52252f,2023-11-30T08:17:17Z,2023-11-30T08:17:17Z,2023-11-30T08:17:17+00:00,committer_time,same_side_of_tfg,consistent,established_focal_pr,,materialized,not_confirmed,,cases/reconstruction/CASE_BFB2599E145D/historical_state_acquisition_v4.json,data/derived/historical_information/CASE_BFB2599E145D/historical_information_boundary_v4.json,previously_executed_revalidated_identical
CASE_C0D08BE70845,PA,2024-04-03T14:15:29.912515+00:00,reconstructed_focal_state,focal,f3c555be8d23908ab1759dc17218ba79d9b70f0a,0bfbc6c495f5c4072f9701f807bc6ffb2c669097,2024-04-03T13:46:55Z,2024-04-03T13:46:55Z,2024-04-03T13:46:55+00:00,committer_time,same_side_of_tfg,consistent,established_focal_pr,,materialized,not_confirmed,,cases/reconstruction/CASE_C0D08BE70845/historical_state_acquisition_v4.json,data/derived/historical_information/CASE_C0D08BE70845/historical_information_boundary_v4.json,corpus_execution
CASE_C482978A9FE9,PN,2023-09-11T00:04:52.102398+00:00,reconstructed_base_state,base,3702256ff8c618942a2e124b63b81e0f88283a4a,5f4f98723cd5454a14c3a6308b419fc726e20ceb,2023-09-10T21:11:21Z,2023-09-10T21:11:21Z,2023-09-10T21:11:21+00:00,committer_time,same_side_of_tfg,consistent,established_focal_pr,other_explicitly_justified_route,materialized,not_confirmed,,cases/reconstruction/CASE_C482978A9FE9/historical_state_acquisition_v4.json,data/derived/historical_information/CASE_C482978A9FE9/historical_information_boundary_v4.json,previously_executed_revalidated_identical
CASE_C95F69523646,PN,2023-11-24T00:47:52.143178+00:00,reconstructed_base_state,base,9dab5f12a7eac13fc6420310545ee59849251a01,999626635fd49bca55a1ee43f84d835db127972f,2023-11-22T00:05:15Z,2023-11-22T00:05:15Z,2023-11-22T00:05:15+00:00,committer_time,same_side_of_tfg,consistent,established_focal_pr,other_explicitly_justified_route,materialized,not_confirmed,,cases/reconstruction/CASE_C95F69523646/historical_state_acquisition_v4.json,data/derived/historical_information/CASE_C95F69523646/historical_information_boundary_v4.json,previously_executed_revalidated_identical
CASE_CDFEF66FCEAA,PN,2023-07-05T01:12:41.129201+00:00,reconstructed_focal_state,focal,4fd5d0e19bab4d5b7338d45209559de338aed107,86c41a95d58ffbc314d4ed876aff770ce7466346,2023-07-05T00:42:33Z,2023-07-05T00:42:33Z,2023-07-05T00:42:33+00:00,committer_time,same_side_of_tfg,consistent,established_focal_pr,,materialized,not_confirmed,,cases/reconstruction/CASE_CDFEF66FCEAA/historical_state_acquisition_v4.json,data/derived/historical_information/CASE_CDFEF66FCEAA/historical_information_boundary_v4.json,corpus_execution
CASE_CE4BF3CB944D,PN,2024-01-19T20:28:03.030660+00:00,reconstructed_focal_state,focal,27b890edb6c62d111d802982609b4d15541466c6,baf83e38cbce5fe59536747664b17a0ee59a0a95,2024-01-19T20:01:56Z,2024-01-19T20:01:56Z,2024-01-19T20:01:56+00:00,committer_time,same_side_of_tfg,consistent,established_focal_pr,,materialized,not_confirmed,,cases/reconstruction/CASE_CE4BF3CB944D/historical_state_acquisition_v4.json,data/derived/historical_information/CASE_CE4BF3CB944D/historical_information_boundary_v4.json,previously_executed_revalidated_identical
CASE_CE6B20EEAAB5,PA,2024-04-20T03:55:44.695452+00:00,reconstructed_base_state,base,7c13dd8d9d1a01a5715339cf3a8d37a23990f8f7,73a2285657e0ef25a5217b29176adbdf6c19e9c5,2024-04-19T08:07:58Z,2024-04-19T08:07:58Z,2024-04-19T08:07:58+00:00,committer_time,same_side_of_tfg,consistent,established_focal_pr,pr_base_ref,materialized,not_confirmed,,cases/reconstruction/CASE_CE6B20EEAAB5/historical_state_acquisition_v4.json,data/derived/historical_information/CASE_CE6B20EEAAB5/historical_information_boundary_v4.json,corpus_execution
CASE_D3D74721B407,PA,2024-04-23T07:53:15.218519+00:00,reconstructed_focal_state,focal,fdb0878782bb648ad9b972e41e9c50ddbeb53457,c3b79f9a6a2f7279cb7a3b0101461948a5f91907,2024-04-22T22:38:59Z,2024-04-22T22:38:59Z,2024-04-22T22:38:59+00:00,committer_time,same_side_of_tfg,consistent,established_focal_pr,,materialized,not_confirmed,,cases/reconstruction/CASE_D3D74721B407/historical_state_acquisition_v4.json,data/derived/historical_information/CASE_D3D74721B407/historical_information_boundary_v4.json,corpus_execution
CASE_D52C7AE8E2E7,PN,2023-12-05T16:35:02.796881+00:00,reconstructed_focal_state,focal,6cdab385b6d31bb19ecd441ac5335e9f6e9b5b5c,0db5657edc43ed2b33174559694d491ee0a48bd2,2023-12-04T22:53:26Z,2023-12-04T22:53:26Z,2023-12-04T22:53:26+00:00,committer_time,same_side_of_tfg,consistent,established_focal_pr,,materialized,not_confirmed,,cases/reconstruction/CASE_D52C7AE8E2E7/historical_state_acquisition_v4.json,data/derived/historical_information/CASE_D52C7AE8E2E7/historical_information_boundary_v4.json,corpus_execution
CASE_D59F0752944D,PN,2024-01-10T13:48:51.124078+00:00,reconstructed_focal_state,focal,1ff6e8cfb144786d83d1f9b7c4195faa54852186,dd9245a7acdbfe5be10acf560c0964fcb64c2127,2024-01-09T13:19:42Z,2024-01-09T13:19:42Z,2024-01-09T13:19:42+00:00,committer_time,same_side_of_tfg,consistent,established_focal_pr,,materialized,not_confirmed,,cases/reconstruction/CASE_D59F0752944D/historical_state_acquisition_v4.json,data/derived/historical_information/CASE_D59F0752944D/historical_information_boundary_v4.json,corpus_execution
CASE_D88ECC0E2921,PA,2024-02-11T06:05:49.341140+00:00,reconstructed_focal_state,focal,54bacac3d881f1c028c998ece0beaed900672e29,681e66c138ea0928f149481678b7aaa21ba2e1e5,2024-02-11T01:07:09Z,2024-02-11T01:07:09Z,2024-02-11T01:07:09+00:00,committer_time,same_side_of_tfg,consistent,established_focal_pr,,materialized,not_confirmed,,cases/reconstruction/CASE_D88ECC0E2921/historical_state_acquisition_v4.json,data/derived/historical_information/CASE_D88ECC0E2921/historical_information_boundary_v4.json,corpus_execution
CASE_D988A0CE780E,PA,2024-02-17T18:46:44.440159+00:00,reconstructed_focal_state,focal,02d4c2c1b79bbf6c0ab933963ac6b1f75b55ae20,5fbba3851e8d7548151901177dd1cefdb1164514,2024-02-14T22:28:19Z,2024-02-16T14:54:46Z,2024-02-16T14:54:46+00:00,committer_time,same_side_of_tfg,consistent,established_focal_pr,,materialized,not_confirmed,,cases/reconstruction/CASE_D988A0CE780E/historical_state_acquisition_v4.json,data/derived/historical_information/CASE_D988A0CE780E/historical_information_boundary_v4.json,corpus_execution
CASE_DB8B57C6DBEC,PN,2023-06-06T00:42:37.780720+00:00,reconstructed_focal_state,focal,78ab3bf8a364bd98589aa64208993f670351c100,e13551ba8a40579fbddcafef5f31da1c8bbdeba2,2023-06-06T00:40:43Z,2023-06-06T00:40:43Z,2023-06-06T00:40:43+00:00,committer_time,same_side_of_tfg,consistent,established_focal_pr,,materialized,not_confirmed,,cases/reconstruction/CASE_DB8B57C6DBEC/historical_state_acquisition_v4.json,data/derived/historical_information/CASE_DB8B57C6DBEC/historical_information_boundary_v4.json,corpus_execution
CASE_DBFC2CC31FE4,PA,2024-03-20T20:23:14.283596+00:00,reconstructed_focal_state,focal,e8ca9dfb31973b71d2dbeb4e89cf6e04649028ba,c6c84c3176833dcdeedb45411ff7be8d12c39410,2024-03-18T06:51:00Z,2024-03-18T06:51:00Z,2024-03-18T06:51:00+00:00,committer_time,same_side_of_tfg,consistent,established_focal_pr,,materialized,not_confirmed,,cases/reconstruction/CASE_DBFC2CC31FE4/historical_state_acquisition_v4.json,data/derived/historical_information/CASE_DBFC2CC31FE4/historical_information_boundary_v4.json,corpus_execution
CASE_DC1CD2C0366A,PA,2024-03-13T09:41:55.354256+00:00,reconstructed_focal_state,focal,c6cf28647791205dacb72dec7be0cdc68e25993f,b04d508c06ac58b0f36375630d857af339896b8f,2024-03-12T17:16:14Z,2024-03-12T17:16:14Z,2024-03-12T17:16:14+00:00,committer_time,same_side_of_tfg,consistent,established_focal_pr,,materialized,not_confirmed,,cases/reconstruction/CASE_DC1CD2C0366A/historical_state_acquisition_v4.json,data/derived/historical_information/CASE_DC1CD2C0366A/historical_information_boundary_v4.json,corpus_execution
CASE_E22541DBFCC2,PA,2024-04-24T09:34:57.715598+00:00,reconstructed_focal_state,focal,ab033a0ca8a7eb208535dfebdb1d74cb01e831a6,1d53002cdf1d6bb293736913267d8cb2dab65d19,2024-04-24T04:41:40Z,2024-04-24T04:41:40Z,2024-04-24T04:41:40+00:00,committer_time,same_side_of_tfg,consistent,established_focal_pr,,materialized,not_confirmed,,cases/reconstruction/CASE_E22541DBFCC2/historical_state_acquisition_v4.json,data/derived/historical_information/CASE_E22541DBFCC2/historical_information_boundary_v4.json,corpus_execution
CASE_E6ADDBF1751F,PN,2023-11-02T13:01:48.037682+00:00,reconstructed_focal_state,focal,febbda8d787b4bc0b88aa88ddb640a5f5c401ecc,9ac4cce6c72f7114a746b3f4dda26a7b0a03141f,2023-11-02T12:53:35Z,2023-11-02T12:58:10Z,2023-11-02T12:58:10+00:00,committer_time,same_side_of_tfg,consistent,established_focal_pr,,materialized,not_confirmed,,cases/reconstruction/CASE_E6ADDBF1751F/historical_state_acquisition_v4.json,data/derived/historical_information/CASE_E6ADDBF1751F/historical_information_boundary_v4.json,corpus_execution
CASE_E8F12807DBDC,PA,2023-11-29T15:30:05.280608+00:00,reconstructed_focal_state,focal,078d9f07d311a6693d77b97d41b9069fbd34c121,91b09a3ef67e86c61f175f6439a3f4f81fb0f8cc,2023-11-29T14:43:50Z,2023-11-29T14:43:50Z,2023-11-29T14:43:50+00:00,committer_time,same_side_of_tfg,consistent,established_focal_pr,,materialized,not_confirmed,,cases/reconstruction/CASE_E8F12807DBDC/historical_state_acquisition_v4.json,data/derived/historical_information/CASE_E8F12807DBDC/historical_information_boundary_v4.json,corpus_execution
CASE_E9499409E39C,PA,2024-02-04T06:18:20.388621+00:00,reconstructed_focal_state,focal,a42896545f2ff6d1cffc11e279c9d9e56446fdbc,305d463438a42a7c510fe8b1c949bd908f2eb654,2024-02-02T21:30:45Z,2024-02-02T21:30:45Z,2024-02-02T21:30:45+00:00,committer_time,same_side_of_tfg,consistent,established_focal_pr,,materialized,not_confirmed,,cases/reconstruction/CASE_E9499409E39C/historical_state_acquisition_v4.json,data/derived/historical_information/CASE_E9499409E39C/historical_information_boundary_v4.json,corpus_execution
CASE_EDED67A505D6,PA,2023-10-15T05:10:26.732889+00:00,reconstructed_focal_state,focal,d120d68c8f744809977d47042a4d096897fee2a7,369f7826eca1a4083cd8b1a876a0c07b772f2d0f,2023-10-15T05:02:19Z,2023-10-15T05:02:19Z,2023-10-15T05:02:19+00:00,committer_time,same_side_of_tfg,consistent,established_focal_pr,,materialized,not_confirmed,,cases/reconstruction/CASE_EDED67A505D6/historical_state_acquisition_v4.json,data/derived/historical_information/CASE_EDED67A505D6/historical_information_boundary_v4.json,corpus_execution
CASE_EE7F13CD9FB7,PN,2023-09-05T01:44:25.726944+00:00,reconstructed_base_state,base,7bd846358d83129a46533928ff2341a5de45388a,9c4021e618ed44c6b327d7699fe199dd5d8e234a,2023-09-04T23:36:57Z,2023-09-04T23:36:57Z,2023-09-04T23:36:57+00:00,committer_time,same_side_of_tfg,consistent,established_focal_pr,pr_base_ref,materialized,not_confirmed,,cases/reconstruction/CASE_EE7F13CD9FB7/historical_state_acquisition_v4.json,data/derived/historical_information/CASE_EE7F13CD9FB7/historical_information_boundary_v4.json,previously_executed_revalidated_identical
CASE_EECEB1B67DDF,PN,2023-08-10T22:09:21.776553+00:00,reconstructed_base_state,base,37256216482e5b8e3a86b7d2a7ce0fca85530fa7,364773ded11e8edea03c35acf0b2ee23da8b45bc,2023-08-10T21:35:53Z,2023-08-10T21:35:53Z,2023-08-10T21:35:53+00:00,committer_time,same_side_of_tfg,consistent,established_focal_pr,pr_base_ref,materialized,not_confirmed,,cases/reconstruction/CASE_EECEB1B67DDF/historical_state_acquisition_v4.json,data/derived/historical_information/CASE_EECEB1B67DDF/historical_information_boundary_v4.json,corpus_execution
CASE_EFB57C0D7D17,PA,2024-02-07T19:21:54.930568+00:00,reconstructed_base_state,base,2f58f4378e1e8eb297f5bb4a2464240a8210fc9d,d7516a144552eacfd40a8e1e7f0d4158e2c42bf1,2024-02-06T09:50:35Z,2024-02-06T09:50:35Z,2024-02-06T09:50:35+00:00,committer_time,same_side_of_tfg,consistent,established_focal_pr,pr_base_ref,materialized,not_confirmed,,cases/reconstruction/CASE_EFB57C0D7D17/historical_state_acquisition_v4.json,data/derived/historical_information/CASE_EFB57C0D7D17/historical_information_boundary_v4.json,corpus_execution
CASE_F04D9F77AEBD,PA,2024-02-14T16:56:24.662180+00:00,reconstructed_focal_state,focal,02fd161ef0269b531698ac835b2c3a0b9adf719c,0e754564462f43ab05cba92d2552ec6519bafe8d,2024-02-14T16:52:08Z,2024-02-14T16:52:08Z,2024-02-14T16:52:08+00:00,committer_time,same_side_of_tfg,consistent,established_focal_pr,,materialized,not_confirmed,,cases/reconstruction/CASE_F04D9F77AEBD/historical_state_acquisition_v4.json,data/derived/historical_information/CASE_F04D9F77AEBD/historical_information_boundary_v4.json,corpus_execution
CASE_F13F98792012,PN,2023-09-25T11:59:29.032600+00:00,reconstructed_focal_state,focal,efe8fa4f424f357399e7fdaebc5c666de987e597,b7faabb1dba156a77d30a98ec8724520a2b48768,2023-09-25T11:07:07Z,2023-09-25T11:07:07Z,2023-09-25T11:07:07+00:00,committer_time,same_side_of_tfg,consistent,established_focal_pr,,materialized,not_confirmed,,cases/reconstruction/CASE_F13F98792012/historical_state_acquisition_v4.json,data/derived/historical_information/CASE_F13F98792012/historical_information_boundary_v4.json,previously_executed_revalidated_identical
CASE_F369A6C52AFC,PA,2024-01-07T13:22:25.537973+00:00,reconstructed_focal_state,focal,f3bcfca545ab5918fa1f2125fac7bac5ed864bad,87e646bd93a917be8841bfd65212d3e8a2025f34,2024-01-03T10:17:53Z,2024-01-07T11:10:55Z,2024-01-07T11:10:55+00:00,committer_time,same_side_of_tfg,consistent,established_focal_pr,,materialized,not_confirmed,,cases/reconstruction/CASE_F369A6C52AFC/historical_state_acquisition_v4.json,data/derived/historical_information/CASE_F369A6C52AFC/historical_information_boundary_v4.json,corpus_execution
CASE_F7BED13B8119,PN,2023-07-15T21:55:31.086959+00:00,reconstructed_focal_state,focal,ab55baa9050ad6efbb1e8cb6cc058775bb0398b2,e6655cd0a8c409daa4211fde21e190646d2da74c,2023-07-14T18:14:48Z,2023-07-14T18:25:14Z,2023-07-14T18:25:14+00:00,committer_time,same_side_of_tfg,consistent,established_focal_pr,,materialized,not_confirmed,,cases/reconstruction/CASE_F7BED13B8119/historical_state_acquisition_v4.json,data/derived/historical_information/CASE_F7BED13B8119/historical_information_boundary_v4.json,previously_executed_revalidated_identical
CASE_F850E0DE06D3,PA,2023-06-02T14:42:14.814585+00:00,reconstructed_base_state,base,21ee6481198806465cafd16b27fa6988dfb844a1,b8da8c6992a7aec88e92365b614694faa7d0b922,2023-06-02T12:51:54Z,2023-06-02T14:17:25Z,2023-06-02T14:17:25+00:00,committer_time,same_side_of_tfg,consistent,established_focal_pr,pr_base_ref,materialized,not_confirmed,,cases/reconstruction/CASE_F850E0DE06D3/historical_state_acquisition_v4.json,data/derived/historical_information/CASE_F850E0DE06D3/historical_information_boundary_v4.json,corpus_execution
CASE_F93FFAA22B9B,PA,2023-07-07T21:10:15.086839+00:00,reconstructed_focal_state,focal,7428cd1606386541ccbfa6ece6edc45b3342a9cb,ef3dc583712a28468005930831a6e4ac64cf9290,2023-07-07T17:49:24Z,2023-07-07T17:49:24Z,2023-07-07T17:49:24+00:00,committer_time,same_side_of_tfg,consistent,established_focal_pr,,materialized,not_confirmed,,cases/reconstruction/CASE_F93FFAA22B9B/historical_state_acquisition_v4.json,data/derived/historical_information/CASE_F93FFAA22B9B/historical_information_boundary_v4.json,previously_executed_revalidated_identical
CASE_FAA2BE1ADE1A,PN,2023-09-04T17:08:55.965194+00:00,reconstructed_focal_state,focal,0e1dc15eb472d43b9feb84f371fe1a7e0e8d7e10,60bb83a532451d76e1e694503c36787859e44e95,2023-09-04T16:20:00Z,2023-09-04T16:20:00Z,2023-09-04T16:20:00+00:00,committer_time,same_side_of_tfg,consistent,established_focal_pr,,materialized,not_confirmed,,cases/reconstruction/CASE_FAA2BE1ADE1A/historical_state_acquisition_v4.json,data/derived/historical_information/CASE_FAA2BE1ADE1A/historical_information_boundary_v4.json,corpus_execution
CASE_FAEC584E837A,PN,2023-09-28T18:33:36.735883+00:00,reconstructed_focal_state,focal,069b80cc7ddaeb512e1122e7d0d0674baf350435,59c28890892667c3dffa8e2e1ba304b8afa8b33c,2023-09-28T12:23:49Z,2023-09-28T12:25:48Z,2023-09-28T12:25:48+00:00,committer_time,same_side_of_tfg,consistent,established_focal_pr,,materialized,not_confirmed,,cases/reconstruction/CASE_FAEC584E837A/historical_state_acquisition_v4.json,data/derived/historical_information/CASE_FAEC584E837A/historical_information_boundary_v4.json,corpus_execution
CASE_FE82721D67EB,PN,2023-09-07T14:13:12.585890+00:00,reconstructed_focal_state,focal,71d907f8fe5797d6a990a9ad07627ab1748cf31e,c296050343f0a1cac443054686f267b3290607b8,2023-09-07T05:14:29Z,2023-09-07T05:18:28Z,2023-09-07T05:18:28+00:00,committer_time,same_side_of_tfg,consistent,established_focal_pr,,materialized,not_confirmed,,cases/reconstruction/CASE_FE82721D67EB/historical_state_acquisition_v4.json,data/derived/historical_information/CASE_FE82721D67EB/historical_information_boundary_v4.json,corpus_execution
CASE_FF56769ECD05,PA,2024-04-04T21:43:01.991259+00:00,reconstructed_base_state,base,b8bbe070d589c80b27a396d426b4d281b85734f6,69252d1c4ede0f524e820afd3f40bf907e688a87,2024-04-03T02:01:47Z,2024-04-03T02:01:47Z,2024-04-03T02:01:47+00:00,committer_time,same_side_of_tfg,consistent,established_focal_pr,pr_base_ref,materialized,not_confirmed,,cases/reconstruction/CASE_FF56769ECD05/historical_state_acquisition_v4.json,data/derived/historical_information/CASE_FF56769ECD05/historical_information_boundary_v4.json,corpus_execution
