case_id,source_id,sampling_stratum,stage_b_readiness_status,stage_b_package_status,characterization_source,visible_turn_count,user_turn_count,assistant_turn_count,conversation_word_count,artifact_candidate_count,artifact_bearing_turn_count,artifact_owning_turn_ids,has_pre_artifact_assistant_turn,has_multiple_pre_artifact_user_turns,has_multiple_artifact_candidates,has_multiple_artifact_bearing_turns,artifact_owner_timestamps_available,pre_candidate_verification_language_signal,structural_features,selection_reason,coverage_categories,stage_c_run_status
CASE_AB42B2598A84,PA-1,PA,ready_for_stage_b,complete,materialized_stage_b_model_view,2,1,1,354,1,1,turn_000003,false,false,false,false,true,true,pre_candidate_verification_language_signal,Simple completed baseline; retains the successful one-user/one-assistant smoke.,A,complete_smoke
CASE_51918C8EB470,PA-4,PA,ready_for_stage_b,complete,in_memory_stage_b_derivation_from_local_cached_conversation,4,2,2,828,3,1,turn_000005,true,true,true,false,true,true,multi_turn;pre_artifact_assistant;multiple_pre_artifact_users;multiple_artifact_candidates;pre_candidate_verification_language_signal,"Compact multi-turn case with an earlier assistant, two developer turns, three artifacts in one artifact-bearing response, and a pre-candidate verification-language signal.","B,C,D,E,G",complete_wave_1
CASE_193801513E85,PA-5,PA,ready_for_stage_b,complete_legacy_cache_import,in_memory_stage_b_derivation_from_local_cached_conversation,16,8,8,1944,8,4,turn_000005;turn_000009;turn_000011;turn_000013,true,true,true,true,true,true,multi_turn;pre_artifact_assistant;multiple_pre_artifact_users;multiple_artifact_candidates;multiple_artifact_bearing_turns;pre_candidate_verification_language_signal,Sixteen-turn PA case with eight artifacts across four responses and a pre-candidate verification-language signal.,"B,C,D,E,F,G,H,I",complete_development_retry_01
CASE_A46532387B1B,PA-61,PA,ready_for_stage_b,complete_legacy_cache_import,in_memory_stage_b_derivation_from_local_cached_conversation,26,13,13,3847,9,8,turn_000003;turn_000005;turn_000013;turn_000015;turn_000019;turn_000023;turn_000025;turn_000027,true,true,true,true,true,true,multi_turn;pre_artifact_assistant;multiple_pre_artifact_users;multiple_artifact_candidates;multiple_artifact_bearing_turns;pre_candidate_verification_language_signal;long_conversation,Longer PA case with 26 turns and nine artifacts across eight responses; exercises family and boundary complexity.,"B,C,D,E,F,G,H,I",complete_wave_2
CASE_6C65BC36BF60,PA-80,PA,ready_for_stage_b,complete_legacy_cache_import,in_memory_stage_b_derivation_from_local_cached_conversation,10,5,5,2245,13,4,turn_000005;turn_000007;turn_000009;turn_000011,true,true,true,true,true,false,multi_turn;pre_artifact_assistant;multiple_pre_artifact_users;multiple_artifact_candidates;multiple_artifact_bearing_turns,Artifact-dense PA case: thirteen candidates across four responses in ten turns.,"B,C,D,E,F,H,I",complete_wave_2
CASE_C482978A9FE9,PN-6,PN,ready_for_stage_b,complete_legacy_cache_import,in_memory_stage_b_derivation_from_local_cached_conversation,8,4,4,642,4,3,turn_000006;turn_000008;turn_000010,true,true,true,true,true,true,multi_turn;pre_artifact_assistant;multiple_pre_artifact_users;multiple_artifact_candidates;multiple_artifact_bearing_turns;pre_candidate_verification_language_signal,Moderate PN case with four artifacts across three responses and a pre-candidate verification-language signal.,"B,C,D,E,F,G,I",failed_pass1_validation
CASE_5C203B1DBF11,PN-13,PN,ready_for_stage_b,complete_legacy_cache_import,in_memory_stage_b_derivation_from_local_cached_conversation,10,5,5,1010,4,4,turn_000003;turn_000005;turn_000007;turn_000009,true,true,true,true,true,true,multi_turn;pre_artifact_assistant;multiple_pre_artifact_users;multiple_artifact_candidates;multiple_artifact_bearing_turns;pre_candidate_verification_language_signal,Ten-turn PN case with four artifact-bearing responses and a pre-candidate verification-language signal.,"B,C,D,E,F,G,H,I",ready_not_run
CASE_BD3DEF3FC202,PN-16,PN,ready_for_stage_b,complete_legacy_cache_import,in_memory_stage_b_derivation_from_local_cached_conversation,44,22,22,5274,22,21,turn_000003;turn_000005;turn_000007;turn_000009;turn_000011;turn_000013;turn_000015;turn_000017;turn_000019;turn_000021;turn_000023;turn_000025;turn_000027;turn_000029;turn_000031;turn_000033;turn_000035;turn_000037;turn_000039;turn_000041;turn_000043,true,true,true,true,true,true,multi_turn;pre_artifact_assistant;multiple_pre_artifact_users;multiple_artifact_candidates;multiple_artifact_bearing_turns;pre_candidate_verification_language_signal;long_conversation,Very long PN conversation with 44 turns and 22 artifacts across 21 responses.,"B,C,D,E,F,G,H,I",ready_not_run
CASE_EECEB1B67DDF,PN-18,PN,ready_for_stage_b,complete_legacy_cache_import,in_memory_stage_b_derivation_from_local_cached_conversation,6,3,3,1018,5,2,turn_000003;turn_000005,true,true,true,true,true,false,multi_turn;pre_artifact_assistant;multiple_pre_artifact_users;multiple_artifact_candidates;multiple_artifact_bearing_turns,Compact PN case with five artifacts across two responses and multiple pre-candidate developer turns.,"B,C,D,E,F,I",ready_not_run
CASE_AADA2C787EEE,PN-42,PN,ready_for_stage_b,complete_legacy_cache_import,in_memory_stage_b_derivation_from_local_cached_conversation,53,25,28,4358,0,0,,false,false,false,false,false,true,multi_turn;pre_candidate_verification_language_signal;no_detected_artifact_candidate;long_conversation,Structurally unusual 53-turn PN conversation with no detected artifact candidate; exercises explicit unresolved/no-artifact handling without a manual boundary decision.,"G,H,J",ready_not_run
