case_id,stage_b_ready,stage_b_v2_input_exists,stage_b_v2_input_valid,canonical_v5_exists,existing_v5_status,existing_v5_validation_status,existing_development_result,existing_controlled_result,needs_phase3_execution,reason,stage_c_v2_execution_source,execution_attempted,stage_c_status,pass_1_status,pass_2_status,validation_status,family_id,selected_response,tFG,stage_c_disposition_record,authoritative_stage_c_record,final_disposition,resolution_required,resolution_reason,context_count,specificity_count,verification_count
CASE_091B52A05DEF,true,true,true,true,failed,failed,,,false,phase3_validation_failed,phase3,true,failed,complete,validation_failed,failed,FGF_491465641d825d9e743d433f,turn_000004,2023-11-14T21:50:49.315735+00:00,cases/conversations/CASE_091B52A05DEF/stage_c_extraction_v5.json,,validation_failed,true,ValueError: Pass 2 evidence is not attributable to its cited turns,0,0,0
CASE_0C81DAE6280D,true,true,true,true,complete,validated,,,false,phase3_complete_validated,phase3,true,complete,complete,complete,validated,FGF_0aa20e7f21b7a6b31d991886,turn_000003,2023-07-31T15:37:00.377631+00:00,cases/conversations/CASE_0C81DAE6280D/stage_c_extraction_v5.json,cases/conversations/CASE_0C81DAE6280D/stage_c_extraction_v5.json,complete_validated,false,,1,1,0
CASE_0CE9E03556F1,true,true,true,true,complete,validated,,,false,reuse_accepted_recovered_zero_v2,recovered-zero,true,complete,complete,complete,validated,FGF_6718a7ffd9ab3ea5837c6def,turn_000003,2023-06-15T12:00:33.229427+00:00,cases/conversations/CASE_0CE9E03556F1/stage_c_extraction_v5.json,cases/conversations/CASE_0CE9E03556F1/stage_c_extraction_v5.json,complete_validated,false,,3,1,1
CASE_0ECE0C32A4BB,true,true,true,true,complete,validated,,,false,phase3_complete_validated,phase3,true,complete,complete,complete,validated,FGF_fadc124764d3480adf3f2dd9,turn_000003,2024-03-04T09:15:38.260049+00:00,cases/conversations/CASE_0ECE0C32A4BB/stage_c_extraction_v5.json,cases/conversations/CASE_0ECE0C32A4BB/stage_c_extraction_v5.json,complete_validated,false,,1,1,0
CASE_1754D5BAEC54,true,true,true,true,complete,validated,,,false,phase3_complete_validated,phase3,true,complete,complete,complete,validated,FGF_0580eff45c06f511c8572801,turn_000003,2023-07-15T05:09:56.392897+00:00,cases/conversations/CASE_1754D5BAEC54/stage_c_extraction_v5.json,cases/conversations/CASE_1754D5BAEC54/stage_c_extraction_v5.json,complete_validated,false,,3,1,0
CASE_179B36843FBE,true,true,true,true,complete,validated,,,false,phase3_complete_validated,phase3,true,complete,complete,complete,validated,FGF_768933aaba0fe765a583e905,turn_000003,2023-07-24T07:18:17.145534+00:00,cases/conversations/CASE_179B36843FBE/stage_c_extraction_v5.json,cases/conversations/CASE_179B36843FBE/stage_c_extraction_v5.json,complete_validated,false,,1,1,0
CASE_188C69620856,true,true,true,true,complete,validated,,,false,phase3_complete_validated,phase3,true,complete,complete,complete,validated,FGF_7fbd13c864cf23c9958c9708,turn_000003,2024-02-08T04:42:19.499871+00:00,cases/conversations/CASE_188C69620856/stage_c_extraction_v5.json,cases/conversations/CASE_188C69620856/stage_c_extraction_v5.json,complete_validated,false,,1,1,0
CASE_193801513E85,true,true,true,true,complete,validated,,,false,phase3_complete_validated,phase3,true,complete,complete,complete,validated,FGF_ba285eee3f5b85c8932ac09b,turn_000005,2023-09-16T11:14:32.846018+00:00,cases/conversations/CASE_193801513E85/stage_c_extraction_v5.json,cases/conversations/CASE_193801513E85/stage_c_extraction_v5.json,complete_validated,false,,5,4,3
CASE_194F3A461B65,true,true,true,true,complete,validated,,,false,phase3_complete_validated,phase3,true,complete,complete,complete,validated,FGF_621b8f1c8cc890a39cedc23f,turn_000003,2024-02-18T18:17:35.190572+00:00,cases/conversations/CASE_194F3A461B65/stage_c_extraction_v5.json,cases/conversations/CASE_194F3A461B65/stage_c_extraction_v5.json,complete_validated,false,,2,2,1
CASE_1A72A70C88B5,true,true,true,true,complete,validated,,,false,phase3_complete_validated,phase3,true,complete,complete,complete,validated,FGF_8e53e8bad39efa09e96c5232,turn_000003,2024-02-14T00:08:46.581968+00:00,cases/conversations/CASE_1A72A70C88B5/stage_c_extraction_v5.json,cases/conversations/CASE_1A72A70C88B5/stage_c_extraction_v5.json,complete_validated,false,,2,1,1
CASE_1C3B62857D19,true,true,true,true,complete,validated,,,false,reuse_accepted_recovered_zero_v2,recovered-zero,true,complete,complete,complete,validated,FGF_f09c166c00919f38bc5135c1,turn_000003,2024-01-15T00:03:53.295269+00:00,cases/conversations/CASE_1C3B62857D19/stage_c_extraction_v5.json,cases/conversations/CASE_1C3B62857D19/stage_c_extraction_v5.json,complete_validated,false,,1,1,0
CASE_1FEA1F5DE7C1,true,true,true,true,complete,validated,,,false,phase3_complete_validated,phase3,true,complete,complete,complete,validated,FGF_6dc1866c8d0d0ee67dd68446,turn_000003,2024-04-16T11:15:01.694532+00:00,cases/conversations/CASE_1FEA1F5DE7C1/stage_c_extraction_v5.json,cases/conversations/CASE_1FEA1F5DE7C1/stage_c_extraction_v5.json,complete_validated,false,,1,1,0
CASE_21DFA2A0B7DA,true,true,true,true,complete,validated,,,false,phase3_complete_validated,phase3,true,complete,complete,complete,validated,FGF_d1b38bee049b2a5cd0149be1,turn_000003,2023-06-06T13:54:25.318481+00:00,cases/conversations/CASE_21DFA2A0B7DA/stage_c_extraction_v5.json,cases/conversations/CASE_21DFA2A0B7DA/stage_c_extraction_v5.json,complete_validated,false,,1,1,0
CASE_26F615E94B29,true,true,true,true,complete,validated,,,false,phase3_complete_validated,phase3,true,complete,complete,complete,validated,FGF_48a633867c0001070600ef10,turn_000003,2023-10-02T18:17:19.796546+00:00,cases/conversations/CASE_26F615E94B29/stage_c_extraction_v5.json,cases/conversations/CASE_26F615E94B29/stage_c_extraction_v5.json,complete_validated,false,,2,2,1
CASE_27C861787A74,true,true,true,true,failed,failed,,recovered_zero_retry_01:infrastructure_failed,false,held_pending_controlled_resolution,recovered-zero+controlled,true,pending_controlled_resolution,complete,validation_failed,failed,FGF_ef80e0be9cdeed7a3a7a74c0,turn_000007,2023-10-28T10:06:46.864967+00:00,cases/conversations/CASE_27C861787A74/stage_c_extraction_v5.json,,pending_controlled_resolution,true,canonical_pass_2_validation_failed;controlled_retry_api_connection_error,0,0,0
CASE_298A455FBBD8,true,true,true,true,complete,validated,,,false,phase3_complete_validated,phase3,true,complete,complete,complete,validated,FGF_ee6a3ffa69844249f00a7f41,turn_000003,2024-02-09T05:53:05.925557+00:00,cases/conversations/CASE_298A455FBBD8/stage_c_extraction_v5.json,cases/conversations/CASE_298A455FBBD8/stage_c_extraction_v5.json,complete_validated,false,,5,3,1
CASE_2ABF4A57FD48,true,true,true,true,complete,validated,,,false,phase3_complete_validated,phase3,true,complete,complete,complete,validated,FGF_faeac53560e5d04399bc11fa,turn_000003,2023-07-17T11:32:28.751245+00:00,cases/conversations/CASE_2ABF4A57FD48/stage_c_extraction_v5.json,cases/conversations/CASE_2ABF4A57FD48/stage_c_extraction_v5.json,complete_validated,false,,0,1,0
CASE_2BAC9476B7B1,true,true,true,true,complete,validated,,,false,reuse_accepted_recovered_zero_v2,recovered-zero,true,complete,complete,complete,validated,FGF_e01bf1bc654112c019e7e5cc,turn_000003,2023-07-26T18:13:07.971202+00:00,cases/conversations/CASE_2BAC9476B7B1/stage_c_extraction_v5.json,cases/conversations/CASE_2BAC9476B7B1/stage_c_extraction_v5.json,complete_validated,false,,1,1,0
CASE_2D5D7C7DC776,true,true,true,true,complete,validated,,,false,phase3_complete_validated,phase3,true,complete,complete,complete,validated,FGF_aa22481a1664087b2ca98375,turn_000003,2024-04-21T03:56:24.373903+00:00,cases/conversations/CASE_2D5D7C7DC776/stage_c_extraction_v5.json,cases/conversations/CASE_2D5D7C7DC776/stage_c_extraction_v5.json,complete_validated,false,,1,1,0
CASE_2EE7F39A770C,true,true,true,true,complete,validated,,,false,phase3_complete_validated,phase3,true,complete,complete,complete,validated,FGF_848ae1b7b8d2c1f5b2949600,turn_000003,2023-06-27T10:44:59.407016+00:00,cases/conversations/CASE_2EE7F39A770C/stage_c_extraction_v5.json,cases/conversations/CASE_2EE7F39A770C/stage_c_extraction_v5.json,complete_validated,false,,1,2,1
CASE_31385155F1C4,true,true,true,true,failed,failed,,,false,phase3_validation_failed,phase3,true,failed,complete,validation_failed,failed,FGF_a5cf2c41079a91f70bc88ada,turn_000004,2024-05-03T21:03:35.069404+00:00,cases/conversations/CASE_31385155F1C4/stage_c_extraction_v5.json,,validation_failed,true,ValueError: Pass 2 evidence is not attributable to its cited turns,0,0,0
CASE_31B64CD9DDDB,true,true,true,true,complete,validated,,,false,reuse_accepted_recovered_zero_v2,recovered-zero,true,complete,complete,complete,validated,FGF_0834ca4c2f1c61511bc5982c,turn_000003,2023-12-18T22:52:27.760544+00:00,cases/conversations/CASE_31B64CD9DDDB/stage_c_extraction_v5.json,cases/conversations/CASE_31B64CD9DDDB/stage_c_extraction_v5.json,complete_validated,false,,1,1,1
CASE_34CAAE296942,true,true,true,true,complete,validated,,,false,phase3_complete_validated,phase3,true,complete,complete,complete,validated,FGF_577c2fb9b480381e854c21ce,turn_000007,2023-08-24T17:33:46.236043+00:00,cases/conversations/CASE_34CAAE296942/stage_c_extraction_v5.json,cases/conversations/CASE_34CAAE296942/stage_c_extraction_v5.json,complete_validated,false,,4,3,10
CASE_34D14D6B0BB7,true,true,true,true,complete,validated,,,false,phase3_complete_validated,phase3,true,complete,complete,complete,validated,FGF_5e192cc9bfbff86a36032596,turn_000003,2023-10-09T17:53:50.509201+00:00,cases/conversations/CASE_34D14D6B0BB7/stage_c_extraction_v5.json,cases/conversations/CASE_34D14D6B0BB7/stage_c_extraction_v5.json,complete_validated,false,,1,4,1
CASE_36570F50AD25,true,true,true,true,complete,validated,,,false,phase3_complete_validated,phase3,true,complete,complete,complete,validated,FGF_2302e0dce112894d8126afbb,turn_000003,2023-12-13T11:36:34.939884+00:00,cases/conversations/CASE_36570F50AD25/stage_c_extraction_v5.json,cases/conversations/CASE_36570F50AD25/stage_c_extraction_v5.json,complete_validated,false,,1,1,0
CASE_36ED555D6DE4,true,true,true,true,complete,validated,,,false,phase3_complete_validated,phase3,true,complete,complete,complete,validated,FGF_1e032351bf994e6f0381ecd6,turn_000003,2023-08-21T13:20:58.574449+00:00,cases/conversations/CASE_36ED555D6DE4/stage_c_extraction_v5.json,cases/conversations/CASE_36ED555D6DE4/stage_c_extraction_v5.json,complete_validated,false,,2,1,0
CASE_3A639B473AED,true,true,true,true,complete,validated,,,false,phase3_complete_validated,phase3,true,complete,complete,complete,validated,FGF_0252c8a403f026b5c7cad502,turn_000003,2023-08-07T17:40:16.134775+00:00,cases/conversations/CASE_3A639B473AED/stage_c_extraction_v5.json,cases/conversations/CASE_3A639B473AED/stage_c_extraction_v5.json,complete_validated,false,,5,1,0
CASE_3D1C336B94C8,true,true,true,true,complete,validated,,,false,phase3_complete_validated,phase3,true,complete,complete,complete,validated,FGF_e4d9e91133b49a6ce69e0a89,turn_000003,2023-07-19T20:01:20.995290+00:00,cases/conversations/CASE_3D1C336B94C8/stage_c_extraction_v5.json,cases/conversations/CASE_3D1C336B94C8/stage_c_extraction_v5.json,complete_validated,false,,1,1,1
CASE_3E10D31BBE69,true,true,true,true,complete,validated,,,false,reuse_accepted_recovered_zero_v2,recovered-zero,true,complete,complete,complete,validated,FGF_acdf043a9325c706f87e9008,turn_000003,2023-09-20T19:43:32.893493+00:00,cases/conversations/CASE_3E10D31BBE69/stage_c_extraction_v5.json,cases/conversations/CASE_3E10D31BBE69/stage_c_extraction_v5.json,complete_validated,false,,1,1,0
CASE_3E3A525883BA,true,true,true,true,complete,validated,,,false,reuse_accepted_recovered_zero_v2,recovered-zero,true,complete,complete,complete,validated,FGF_c6564b63d89c8461897c97f7,turn_000003,2023-10-25T17:35:23.953244+00:00,cases/conversations/CASE_3E3A525883BA/stage_c_extraction_v5.json,cases/conversations/CASE_3E3A525883BA/stage_c_extraction_v5.json,complete_validated,false,,2,2,1
CASE_414279E8C348,true,true,true,true,unresolved,validated,,,false,reuse_accepted_scientifically_unresolved_v2,recovered-zero,true,unresolved,unresolved,not_run,validated,,,,cases/conversations/CASE_414279E8C348/stage_c_extraction_v5.json,cases/conversations/CASE_414279E8C348/stage_c_extraction_v5.json,scientifically_unresolved,true,scientifically_unresolved,0,0,0
CASE_435C36453469,true,true,true,true,failed,failed,,,false,phase3_validation_failed,phase3,true,failed,complete,validation_failed,failed,FGF_1f48802b5a6876a167cfcc60,turn_000003,2023-06-21T21:09:18.276651+00:00,cases/conversations/CASE_435C36453469/stage_c_extraction_v5.json,,validation_failed,true,ValueError: Pass 2 evidence is not attributable to its cited turns,0,0,0
CASE_43E88314E461,true,true,true,true,complete,validated,,,false,reuse_accepted_recovered_zero_v2,recovered-zero,true,complete,complete,complete,validated,FGF_375f6385b10a4138875ed0a7,turn_000004,2023-12-13T21:44:11.190978+00:00,cases/conversations/CASE_43E88314E461/stage_c_extraction_v5.json,cases/conversations/CASE_43E88314E461/stage_c_extraction_v5.json,complete_validated,false,,2,1,1
CASE_488C3B9CF30B,true,true,true,true,failed,failed,,recovered_zero_retry_01:infrastructure_failed,false,held_pending_controlled_resolution,recovered-zero+controlled,true,pending_controlled_resolution,complete,validation_failed,failed,FGF_171457f1e46b2c8880b408a6,turn_000005,2023-12-21T01:53:07.162863+00:00,cases/conversations/CASE_488C3B9CF30B/stage_c_extraction_v5.json,,pending_controlled_resolution,true,canonical_pass_2_validation_failed;controlled_retry_api_connection_error,0,0,0
CASE_50556C8D545F,true,true,true,true,complete,validated,,,false,phase3_complete_validated,phase3,true,complete,complete,complete,validated,FGF_d702475ae7d87b961889d97a,turn_000003,2023-10-23T20:10:13.700623+00:00,cases/conversations/CASE_50556C8D545F/stage_c_extraction_v5.json,cases/conversations/CASE_50556C8D545F/stage_c_extraction_v5.json,complete_validated,false,,1,1,0
CASE_51918C8EB470,true,true,true,true,failed,failed,,,false,phase3_validation_failed,phase3,true,failed,complete,validation_failed,failed,FGF_0f5dc439b40f9a9ef53c4d4b,turn_000005,2024-01-23T12:24:50.573525+00:00,cases/conversations/CASE_51918C8EB470/stage_c_extraction_v5.json,,validation_failed,true,ValueError: Pass 2 item provenance is incomplete,0,0,0
CASE_522F0F296F37,true,true,true,true,complete,validated,,,false,phase3_complete_validated,phase3,true,complete,complete,complete,validated,FGF_c211554c4f4948c9cc85ae6b,turn_000003,2023-07-21T13:02:53.574420+00:00,cases/conversations/CASE_522F0F296F37/stage_c_extraction_v5.json,cases/conversations/CASE_522F0F296F37/stage_c_extraction_v5.json,complete_validated,false,,1,1,0
CASE_59209E5F12FB,true,true,true,true,complete,validated,,,false,phase3_complete_validated,phase3,true,complete,complete,complete,validated,FGF_b7dcf704b05cc3820cd34ba3,turn_000003,2024-04-04T20:13:02.863768+00:00,cases/conversations/CASE_59209E5F12FB/stage_c_extraction_v5.json,cases/conversations/CASE_59209E5F12FB/stage_c_extraction_v5.json,complete_validated,false,,4,1,1
CASE_5A3A043A5011,true,true,true,true,complete,validated,stage-c-v2-phase2,,false,reuse_accepted_stage-c-v2-phase2,pilot,true,complete,complete,complete,validated,FGF_11f134041d770eecbd370d4b,turn_000003,2023-08-13T08:05:30.672917+00:00,cases/conversations/CASE_5A3A043A5011/stage_c_extraction_v5.json,cases/conversations/CASE_5A3A043A5011/stage_c_extraction_v5.json,complete_validated,false,,4,2,1
CASE_5C203B1DBF11,true,true,true,true,complete,validated,,,false,phase3_complete_validated,phase3,true,complete,complete,complete,validated,FGF_cf1ccac64f5d5e8eee72c453,turn_000003,2023-10-26T14:03:17.028444+00:00,cases/conversations/CASE_5C203B1DBF11/stage_c_extraction_v5.json,cases/conversations/CASE_5C203B1DBF11/stage_c_extraction_v5.json,complete_validated,false,,1,1,0
CASE_5D45BE40E95A,true,true,true,true,complete,validated,,,false,phase3_complete_validated,phase3,true,complete,complete,complete,validated,FGF_dece21f3e888f68e800742df,turn_000003,2023-10-02T23:06:13.290606+00:00,cases/conversations/CASE_5D45BE40E95A/stage_c_extraction_v5.json,cases/conversations/CASE_5D45BE40E95A/stage_c_extraction_v5.json,complete_validated,false,,4,1,0
CASE_5FC257622E18,true,true,true,true,complete,validated,,,false,reuse_accepted_recovered_zero_v2,recovered-zero,true,complete,complete,complete,validated,FGF_9ecbbd7e8aa952c90a20e10b,turn_000003,2023-08-23T10:06:56.662222+00:00,cases/conversations/CASE_5FC257622E18/stage_c_extraction_v5.json,cases/conversations/CASE_5FC257622E18/stage_c_extraction_v5.json,complete_validated,false,,0,1,0
CASE_60CF5311F25C,true,true,true,true,complete,validated,,,false,phase3_complete_validated,phase3,true,complete,complete,complete,validated,FGF_7d915106dcc7efe4b0ef15bd,turn_000003,2023-09-29T00:41:23.258596+00:00,cases/conversations/CASE_60CF5311F25C/stage_c_extraction_v5.json,cases/conversations/CASE_60CF5311F25C/stage_c_extraction_v5.json,complete_validated,false,,1,1,0
CASE_6413F3DD2F91,true,true,true,true,complete,validated,,,false,phase3_complete_validated,phase3,true,complete,complete,complete,validated,FGF_760dab56ef448f1d0c131758,turn_000003,2024-03-05T20:20:12.845274+00:00,cases/conversations/CASE_6413F3DD2F91/stage_c_extraction_v5.json,cases/conversations/CASE_6413F3DD2F91/stage_c_extraction_v5.json,complete_validated,false,,1,1,1
CASE_6C2918844CE5,true,true,true,true,complete,validated,,,false,phase3_complete_validated,phase3,true,complete,complete,complete,validated,FGF_49035a0764a03dd4bbf23e30,turn_000003,2023-11-14T20:33:19.478217+00:00,cases/conversations/CASE_6C2918844CE5/stage_c_extraction_v5.json,cases/conversations/CASE_6C2918844CE5/stage_c_extraction_v5.json,complete_validated,false,,1,2,2
CASE_6C65BC36BF60,true,true,true,true,complete,validated,,,false,phase3_complete_validated,phase3,true,complete,complete,complete,validated,FGF_f78479a497ed3598d771c0b4,turn_000005,2024-04-12T18:22:14.741758+00:00,cases/conversations/CASE_6C65BC36BF60/stage_c_extraction_v5.json,cases/conversations/CASE_6C65BC36BF60/stage_c_extraction_v5.json,complete_validated,false,,4,3,2
CASE_6D67A6A3F752,true,true,true,true,failed,failed,,,false,phase3_validation_failed,phase3,true,failed,complete,validation_failed,failed,FGF_78a35d04d45fa56b39c88820,turn_000007,2023-06-29T06:18:40.890345+00:00,cases/conversations/CASE_6D67A6A3F752/stage_c_extraction_v5.json,,validation_failed,true,ValueError: Pass 2 evidence is not attributable to its cited turns,0,0,0
CASE_6DA0F9615A57,true,true,true,true,complete,validated,,,false,reuse_accepted_recovered_zero_v2,recovered-zero,true,complete,complete,complete,validated,FGF_37d293b10f567df6c6c9b5da,turn_000007,2023-07-12T10:56:20.468566+00:00,cases/conversations/CASE_6DA0F9615A57/stage_c_extraction_v5.json,cases/conversations/CASE_6DA0F9615A57/stage_c_extraction_v5.json,complete_validated,false,,2,1,1
CASE_6ECAEEE54BD9,true,true,true,true,complete,validated,,,false,phase3_complete_validated,phase3,true,complete,complete,complete,validated,FGF_69e8828ab27716334f393408,turn_000003,2023-07-03T10:30:55.652206+00:00,cases/conversations/CASE_6ECAEEE54BD9/stage_c_extraction_v5.json,cases/conversations/CASE_6ECAEEE54BD9/stage_c_extraction_v5.json,complete_validated,false,,1,1,0
CASE_718BCF5AB319,true,true,true,true,unresolved,validated,,,false,phase3_scientifically_unresolved,phase3,true,unresolved,complete,unresolved,validated,FGF_b5007b8483c25a9472135926,turn_000003,2024-03-26T19:10:04.091966+00:00,cases/conversations/CASE_718BCF5AB319/stage_c_extraction_v5.json,cases/conversations/CASE_718BCF5AB319/stage_c_extraction_v5.json,scientifically_unresolved,true,scientifically_unresolved,3,2,2
CASE_72448D73D60F,true,true,true,true,complete,validated,,,false,reuse_accepted_recovered_zero_v2,recovered-zero,true,complete,complete,complete,validated,FGF_8ccb9c8959a9923177e93830,turn_000003,2023-11-16T02:13:13.571477+00:00,cases/conversations/CASE_72448D73D60F/stage_c_extraction_v5.json,cases/conversations/CASE_72448D73D60F/stage_c_extraction_v5.json,complete_validated,false,,2,1,1
CASE_7351FB1ECD56,true,true,true,true,complete,validated,,,false,phase3_complete_validated,phase3,true,complete,complete,complete,validated,FGF_b47f48499a2415f5b894c3da,turn_000003,2023-06-05T08:19:36.723423+00:00,cases/conversations/CASE_7351FB1ECD56/stage_c_extraction_v5.json,cases/conversations/CASE_7351FB1ECD56/stage_c_extraction_v5.json,complete_validated,false,,1,1,1
CASE_74FE6518B1D8,true,true,true,true,complete,validated,,,false,reuse_accepted_recovered_zero_v2,recovered-zero,true,complete,complete,complete,validated,FGF_fc391bc0913a7b7676bbe644,turn_000003,2023-09-30T04:21:13.310784+00:00,cases/conversations/CASE_74FE6518B1D8/stage_c_extraction_v5.json,cases/conversations/CASE_74FE6518B1D8/stage_c_extraction_v5.json,complete_validated,false,,0,1,0
CASE_77BDD439B74B,true,true,true,true,complete,validated,,,false,phase3_complete_validated,phase3,true,complete,complete,complete,validated,FGF_3646e408aadd674e599ec258,turn_000004,2023-11-17T03:45:45.804530+00:00,cases/conversations/CASE_77BDD439B74B/stage_c_extraction_v5.json,cases/conversations/CASE_77BDD439B74B/stage_c_extraction_v5.json,complete_validated,false,,1,1,0
CASE_77D26276DFFD,true,true,true,true,complete,validated,,,false,reuse_accepted_recovered_zero_v2,recovered-zero,true,complete,complete,complete,validated,FGF_ecef0467cbab813805ff006f,turn_000003,2023-12-20T08:05:37.270477+00:00,cases/conversations/CASE_77D26276DFFD/stage_c_extraction_v5.json,cases/conversations/CASE_77D26276DFFD/stage_c_extraction_v5.json,complete_validated,false,,3,0,0
CASE_7A2975A1686D,true,true,true,true,complete,validated,,,false,phase3_complete_validated,phase3,true,complete,complete,complete,validated,FGF_bac4f562405440af6d067d36,turn_000005,2023-06-27T23:34:36.584168+00:00,cases/conversations/CASE_7A2975A1686D/stage_c_extraction_v5.json,cases/conversations/CASE_7A2975A1686D/stage_c_extraction_v5.json,complete_validated,false,,2,1,0
CASE_7EA4C03D1DDC,true,true,true,true,failed,failed,,,false,phase3_validation_failed,phase3,true,failed,complete,validation_failed,failed,FGF_cdea4cb9ea9c8c953df62bbf,turn_000003,2023-06-04T12:49:36.209461+00:00,cases/conversations/CASE_7EA4C03D1DDC/stage_c_extraction_v5.json,,validation_failed,true,ValueError: Pass 2 evidence is not attributable to its cited turns,0,0,0
CASE_813B25949CF6,true,true,true,true,complete,validated,,,false,phase3_complete_validated,phase3,true,complete,complete,complete,validated,FGF_91bae2f63418b77a9938ecaf,turn_000003,2023-11-25T03:00:40.760965+00:00,cases/conversations/CASE_813B25949CF6/stage_c_extraction_v5.json,cases/conversations/CASE_813B25949CF6/stage_c_extraction_v5.json,complete_validated,false,,1,1,0
CASE_82C8812C7E0F,true,true,true,true,complete,validated,,,false,phase3_complete_validated,phase3,true,complete,complete,complete,validated,FGF_3958c3a6a11f0f944c040aed,turn_000003,2023-12-08T06:10:45.819429+00:00,cases/conversations/CASE_82C8812C7E0F/stage_c_extraction_v5.json,cases/conversations/CASE_82C8812C7E0F/stage_c_extraction_v5.json,complete_validated,false,,1,1,0
CASE_84DFC90D3698,true,true,true,true,complete,validated,,,false,phase3_complete_validated,phase3,true,complete,complete,complete,validated,FGF_1644230007799563341a97ad,turn_000018,2023-06-23T14:20:15.098399+00:00,cases/conversations/CASE_84DFC90D3698/stage_c_extraction_v5.json,cases/conversations/CASE_84DFC90D3698/stage_c_extraction_v5.json,complete_validated,false,,2,3,3
CASE_85AD863F8290,true,true,true,true,complete,validated,,,false,phase3_complete_validated,phase3,true,complete,complete,complete,validated,FGF_42fa8297379b9956efbaaf98,turn_000003,2024-01-09T07:36:25.716598+00:00,cases/conversations/CASE_85AD863F8290/stage_c_extraction_v5.json,cases/conversations/CASE_85AD863F8290/stage_c_extraction_v5.json,complete_validated,false,,4,2,2
CASE_8A756AAC10B8,true,true,true,true,complete,validated,,,false,phase3_complete_validated,phase3,true,complete,complete,complete,validated,FGF_b599612c546b96bdd65521f0,turn_000003,2024-01-24T12:29:52.633607+00:00,cases/conversations/CASE_8A756AAC10B8/stage_c_extraction_v5.json,cases/conversations/CASE_8A756AAC10B8/stage_c_extraction_v5.json,complete_validated,false,,1,1,0
CASE_8A8D4442D5EB,true,true,true,true,complete,validated,,,false,phase3_complete_validated,phase3,true,complete,complete,complete,validated,FGF_9670877139f8accad373f443,turn_000003,2023-07-11T07:30:18.953972+00:00,cases/conversations/CASE_8A8D4442D5EB/stage_c_extraction_v5.json,cases/conversations/CASE_8A8D4442D5EB/stage_c_extraction_v5.json,complete_validated,false,,3,3,3
CASE_91E13A588000,true,true,true,true,complete,validated,,,false,phase3_complete_validated,phase3,true,complete,complete,complete,validated,FGF_4e7703119bc974873cf4b1c2,turn_000003,2023-06-15T18:25:25.619340+00:00,cases/conversations/CASE_91E13A588000/stage_c_extraction_v5.json,cases/conversations/CASE_91E13A588000/stage_c_extraction_v5.json,complete_validated,false,,1,1,0
CASE_9213ACECEA46,true,true,true,true,complete,validated,,,false,phase3_complete_validated,phase3,true,complete,complete,complete,validated,FGF_b25cb95694fe58cefc78b664,turn_000003,2024-05-03T14:48:15.355598+00:00,cases/conversations/CASE_9213ACECEA46/stage_c_extraction_v5.json,cases/conversations/CASE_9213ACECEA46/stage_c_extraction_v5.json,complete_validated,false,,1,1,0
CASE_978B83E2DF72,true,true,true,true,complete,validated,,,false,reuse_accepted_recovered_zero_v2,recovered-zero,true,complete,complete,complete,validated,FGF_fde7d182bef24d1d50cb0245,turn_000004,2023-11-23T04:34:55.099208+00:00,cases/conversations/CASE_978B83E2DF72/stage_c_extraction_v5.json,cases/conversations/CASE_978B83E2DF72/stage_c_extraction_v5.json,complete_validated,false,,3,1,1
CASE_97AFC2022473,true,true,true,true,complete,validated,,,false,phase3_complete_validated,phase3,true,complete,complete,complete,validated,FGF_2a0f2d658e7491e347c69f8c,turn_000003,2023-12-13T16:35:54.603014+00:00,cases/conversations/CASE_97AFC2022473/stage_c_extraction_v5.json,cases/conversations/CASE_97AFC2022473/stage_c_extraction_v5.json,complete_validated,false,,3,1,3
CASE_98B41CACA483,true,true,true,true,complete,validated,,,false,phase3_complete_validated,phase3,true,complete,complete,complete,validated,FGF_281c26e28e261196f35c9388,turn_000004,2023-09-02T12:57:57.488403+00:00,cases/conversations/CASE_98B41CACA483/stage_c_extraction_v5.json,cases/conversations/CASE_98B41CACA483/stage_c_extraction_v5.json,complete_validated,false,,3,1,0
CASE_99D45A6BFF86,true,true,true,true,complete,validated,,,false,phase3_complete_validated,phase3,true,complete,complete,complete,validated,FGF_1403d6e000d98d7c1897e855,turn_000003,2023-07-17T10:36:56.582774+00:00,cases/conversations/CASE_99D45A6BFF86/stage_c_extraction_v5.json,cases/conversations/CASE_99D45A6BFF86/stage_c_extraction_v5.json,complete_validated,false,,0,1,0
CASE_9B31F94A6604,true,true,true,true,complete,validated,,,false,phase3_complete_validated,phase3,true,complete,complete,complete,validated,FGF_ef38a6b031473bc5068b902c,turn_000003,2023-06-01T02:12:42.148960+00:00,cases/conversations/CASE_9B31F94A6604/stage_c_extraction_v5.json,cases/conversations/CASE_9B31F94A6604/stage_c_extraction_v5.json,complete_validated,false,,0,1,0
CASE_9E4D3DF1CDB9,true,true,true,true,complete,validated,,,false,phase3_complete_validated,phase3,true,complete,complete,complete,validated,FGF_2ed1af79251af1c7598aafc0,turn_000003,2023-07-13T21:17:21.868937+00:00,cases/conversations/CASE_9E4D3DF1CDB9/stage_c_extraction_v5.json,cases/conversations/CASE_9E4D3DF1CDB9/stage_c_extraction_v5.json,complete_validated,false,,0,1,0
CASE_A0301CC135FC,true,true,true,true,complete,validated,,,false,phase3_complete_validated,phase3,true,complete,complete,complete,validated,FGF_08f9f44b1ec2d7c0656ff98c,turn_000003,2024-03-06T09:48:39.965068+00:00,cases/conversations/CASE_A0301CC135FC/stage_c_extraction_v5.json,cases/conversations/CASE_A0301CC135FC/stage_c_extraction_v5.json,complete_validated,false,,1,2,1
CASE_A0C5FC961ECD,true,true,true,true,unresolved,validated,,,false,phase3_scientifically_unresolved,phase3,true,unresolved,complete,unresolved,validated,FGF_ceacbf7a8daf3a542cee9efc,turn_000003,2023-07-17T12:18:23.081407+00:00,cases/conversations/CASE_A0C5FC961ECD/stage_c_extraction_v5.json,cases/conversations/CASE_A0C5FC961ECD/stage_c_extraction_v5.json,scientifically_unresolved,true,scientifically_unresolved,0,1,0
CASE_A1DC1299D73A,true,true,true,true,complete,validated,,,false,phase3_complete_validated,phase3,true,complete,complete,complete,validated,FGF_da60ea86e130c81f8a2965ec,turn_000003,2024-04-11T21:03:17.338142+00:00,cases/conversations/CASE_A1DC1299D73A/stage_c_extraction_v5.json,cases/conversations/CASE_A1DC1299D73A/stage_c_extraction_v5.json,complete_validated,false,,3,2,1
CASE_A33FC2CCCA9D,true,true,true,true,complete,validated,,,false,phase3_complete_validated,phase3,true,complete,complete,complete,validated,FGF_6d124177e1b74ed432701f80,turn_000003,2023-09-15T23:10:11.107760+00:00,cases/conversations/CASE_A33FC2CCCA9D/stage_c_extraction_v5.json,cases/conversations/CASE_A33FC2CCCA9D/stage_c_extraction_v5.json,complete_validated,false,,4,1,0
CASE_A46532387B1B,true,true,true,true,complete,validated,,,false,phase3_complete_validated,phase3,true,complete,complete,complete,validated,FGF_5a366b4353a68bf3c8879e30,turn_000003,2024-04-21T05:31:55.125883+00:00,cases/conversations/CASE_A46532387B1B/stage_c_extraction_v5.json,cases/conversations/CASE_A46532387B1B/stage_c_extraction_v5.json,complete_validated,false,,1,2,1
CASE_A48E956577BA,true,true,true,true,complete,validated,,,false,phase3_complete_validated,phase3,true,complete,complete,complete,validated,FGF_e9930c5f9b478101a241ca5f,turn_000003,2023-12-07T16:27:18.728553+00:00,cases/conversations/CASE_A48E956577BA/stage_c_extraction_v5.json,cases/conversations/CASE_A48E956577BA/stage_c_extraction_v5.json,complete_validated,false,,1,1,0
CASE_A4CDC94D210B,true,true,true,true,complete,validated,,,false,phase3_complete_validated,phase3,true,complete,complete,complete,validated,FGF_15d40c7bcb57ba6374e20f1e,turn_000003,2023-06-12T18:08:24.454929+00:00,cases/conversations/CASE_A4CDC94D210B/stage_c_extraction_v5.json,cases/conversations/CASE_A4CDC94D210B/stage_c_extraction_v5.json,complete_validated,false,,1,2,2
CASE_AADA2C787EEE,true,true,true,true,complete,validated,stage-c-v2-phase1,accepted_controlled_rerun,false,reuse_accepted_stage-c-v2-phase1,pilot,true,complete,complete,complete,validated,FGF_9fd4c65079a6bcc0948585b4,turn_000005,2023-07-17T12:56:44.032860+00:00,cases/conversations/CASE_AADA2C787EEE/stage_c_extraction_v5_aada_v2_retry_01.json,cases/conversations/CASE_AADA2C787EEE/stage_c_extraction_v5_aada_v2_retry_01.json,complete_validated,false,,1,1,1
CASE_AB42B2598A84,true,true,true,true,complete,validated,,,false,phase3_complete_validated,phase3,true,complete,complete,complete,validated,FGF_c910dcf1753c040ca84ea712,turn_000003,2024-01-08T11:48:53.299044+00:00,cases/conversations/CASE_AB42B2598A84/stage_c_extraction_v5.json,cases/conversations/CASE_AB42B2598A84/stage_c_extraction_v5.json,complete_validated,false,,1,1,0
CASE_AD8C4F13A90B,true,true,true,true,complete,validated,,,false,phase3_complete_validated,phase3,true,complete,complete,complete,validated,FGF_2904f39775d7eba9edbe27bd,turn_000003,2023-09-05T05:08:56.471521+00:00,cases/conversations/CASE_AD8C4F13A90B/stage_c_extraction_v5.json,cases/conversations/CASE_AD8C4F13A90B/stage_c_extraction_v5.json,complete_validated,false,,1,1,1
CASE_B0892F2A5485,true,true,true,true,complete,validated,,,false,phase3_complete_validated,phase3,true,complete,complete,complete,validated,FGF_d1441f4a26f3459e53f83624,turn_000003,2024-02-14T20:21:41.599236+00:00,cases/conversations/CASE_B0892F2A5485/stage_c_extraction_v5.json,cases/conversations/CASE_B0892F2A5485/stage_c_extraction_v5.json,complete_validated,false,,4,3,2
CASE_B0A21EE800C0,true,true,true,true,complete,validated,,,false,phase3_complete_validated,phase3,true,complete,complete,complete,validated,FGF_7f25b39faaab06e5106c1c5c,turn_000003,2023-09-18T10:32:45.973662+00:00,cases/conversations/CASE_B0A21EE800C0/stage_c_extraction_v5.json,cases/conversations/CASE_B0A21EE800C0/stage_c_extraction_v5.json,complete_validated,false,,1,1,1
CASE_B27322676691,true,true,true,true,complete,validated,,,false,phase3_complete_validated,phase3,true,complete,complete,complete,validated,FGF_ae58279cec880c457934437a,turn_000003,2023-05-31T20:15:15.484299+00:00,cases/conversations/CASE_B27322676691/stage_c_extraction_v5.json,cases/conversations/CASE_B27322676691/stage_c_extraction_v5.json,complete_validated,false,,3,1,1
CASE_B98070F8A24D,true,true,true,true,complete,validated,,,false,phase3_complete_validated,phase3,true,complete,complete,complete,validated,FGF_a7fb5dfca4b376964d125bfc,turn_000004,2023-11-22T09:50:27.931547+00:00,cases/conversations/CASE_B98070F8A24D/stage_c_extraction_v5.json,cases/conversations/CASE_B98070F8A24D/stage_c_extraction_v5.json,complete_validated,false,,4,1,1
CASE_B9E914A3762C,true,true,true,true,complete,validated,,,false,reuse_accepted_recovered_zero_v2,recovered-zero,true,complete,complete,complete,validated,FGF_0937c6914e23980ce1600bf2,turn_000003,2023-12-21T13:45:06.739286+00:00,cases/conversations/CASE_B9E914A3762C/stage_c_extraction_v5.json,cases/conversations/CASE_B9E914A3762C/stage_c_extraction_v5.json,complete_validated,false,,1,1,1
CASE_BD187BC12672,true,true,true,true,complete,validated,,,false,reuse_accepted_recovered_zero_v2,recovered-zero,true,complete,complete,complete,validated,FGF_24b2d60027a047568e76baa2,turn_000003,2023-05-31T19:28:34.435239+00:00,cases/conversations/CASE_BD187BC12672/stage_c_extraction_v5.json,cases/conversations/CASE_BD187BC12672/stage_c_extraction_v5.json,complete_validated,false,,1,2,1
CASE_BD3DEF3FC202,true,true,true,true,complete,validated,,,false,phase3_complete_validated,phase3,true,complete,complete,complete,validated,FGF_bf10abdd74cc30717f83b210,turn_000003,2023-06-28T18:18:28.582688+00:00,cases/conversations/CASE_BD3DEF3FC202/stage_c_extraction_v5.json,cases/conversations/CASE_BD3DEF3FC202/stage_c_extraction_v5.json,complete_validated,false,,1,1,1
CASE_BFB2599E145D,true,true,true,true,complete,validated,,,false,phase3_complete_validated,phase3,true,complete,complete,complete,validated,FGF_19946862e94b60533019d85e,turn_000003,2023-11-30T08:40:22.179209+00:00,cases/conversations/CASE_BFB2599E145D/stage_c_extraction_v5.json,cases/conversations/CASE_BFB2599E145D/stage_c_extraction_v5.json,complete_validated,false,,4,2,0
CASE_C0D08BE70845,true,true,true,true,complete,validated,,,false,phase3_complete_validated,phase3,true,complete,complete,complete,validated,FGF_ba0d64a3d6615c06bb363288,turn_000007,2024-04-03T14:15:29.912515+00:00,cases/conversations/CASE_C0D08BE70845/stage_c_extraction_v5.json,cases/conversations/CASE_C0D08BE70845/stage_c_extraction_v5.json,complete_validated,false,,7,1,0
CASE_C482978A9FE9,true,true,true,true,complete,validated,stage-c-v2-phase1,,false,reuse_accepted_stage-c-v2-phase1,pilot,true,complete,complete,complete,validated,FGF_315253bfd5414dec26aa573b,turn_000004,2023-09-11T00:04:52.102398+00:00,cases/conversations/CASE_C482978A9FE9/stage_c_extraction_v5.json,cases/conversations/CASE_C482978A9FE9/stage_c_extraction_v5.json,complete_validated,false,,1,1,0
CASE_C95F69523646,true,true,true,true,complete,validated,,,false,phase3_complete_validated,phase3,true,complete,complete,complete,validated,FGF_8f245d63a3f17ae5d68c261e,turn_000003,2023-11-24T00:47:52.143178+00:00,cases/conversations/CASE_C95F69523646/stage_c_extraction_v5.json,cases/conversations/CASE_C95F69523646/stage_c_extraction_v5.json,complete_validated,false,,1,2,0
CASE_CDFEF66FCEAA,true,true,true,true,complete,validated,,,false,phase3_complete_validated,phase3,true,complete,complete,complete,validated,FGF_1f4bfb6a898cd8373ed33e51,turn_000003,2023-07-05T01:12:41.129201+00:00,cases/conversations/CASE_CDFEF66FCEAA/stage_c_extraction_v5.json,cases/conversations/CASE_CDFEF66FCEAA/stage_c_extraction_v5.json,complete_validated,false,,1,1,1
CASE_CE4BF3CB944D,true,true,true,true,complete,validated,,,false,phase3_complete_validated,phase3,true,complete,complete,complete,validated,FGF_431bf4eea6186cc85d4df6fe,turn_000003,2024-01-19T20:28:03.030660+00:00,cases/conversations/CASE_CE4BF3CB944D/stage_c_extraction_v5.json,cases/conversations/CASE_CE4BF3CB944D/stage_c_extraction_v5.json,complete_validated,false,,1,1,0
CASE_CE6B20EEAAB5,true,true,true,true,failed,failed,,,false,phase3_validation_failed,phase3,true,failed,complete,validation_failed,failed,FGF_ce239c9ddcb34ac696533320,turn_000011,2024-04-20T03:55:44.695452+00:00,cases/conversations/CASE_CE6B20EEAAB5/stage_c_extraction_v5.json,,validation_failed,true,ValueError: Pass 2 item provenance is incomplete,0,0,0
CASE_D3D74721B407,true,true,true,true,complete,validated,,,false,phase3_complete_validated,phase3,true,complete,complete,complete,validated,FGF_e9e5f4829491f69ca32facd9,turn_000003,2024-04-23T07:53:15.218519+00:00,cases/conversations/CASE_D3D74721B407/stage_c_extraction_v5.json,cases/conversations/CASE_D3D74721B407/stage_c_extraction_v5.json,complete_validated,false,,2,1,1
CASE_D52C7AE8E2E7,true,true,true,true,complete,validated,,,false,reuse_accepted_recovered_zero_v2,recovered-zero,true,complete,complete,complete,validated,FGF_26f26571c6636b0994ada898,turn_000003,2023-12-05T16:35:02.796881+00:00,cases/conversations/CASE_D52C7AE8E2E7/stage_c_extraction_v5.json,cases/conversations/CASE_D52C7AE8E2E7/stage_c_extraction_v5.json,complete_validated,false,,1,1,0
CASE_D59F0752944D,true,true,true,true,complete,validated,,,false,phase3_complete_validated,phase3,true,complete,complete,complete,validated,FGF_1a6d4d10c671410c30e31ef3,turn_000003,2024-01-10T13:48:51.124078+00:00,cases/conversations/CASE_D59F0752944D/stage_c_extraction_v5.json,cases/conversations/CASE_D59F0752944D/stage_c_extraction_v5.json,complete_validated,false,,1,2,1
CASE_D88ECC0E2921,true,true,true,true,complete,validated,,,false,phase3_complete_validated,phase3,true,complete,complete,complete,validated,FGF_957a269e1c1d0a3f73194a7d,turn_000004,2024-02-11T06:05:49.341140+00:00,cases/conversations/CASE_D88ECC0E2921/stage_c_extraction_v5.json,cases/conversations/CASE_D88ECC0E2921/stage_c_extraction_v5.json,complete_validated,false,,1,1,0
CASE_D988A0CE780E,true,true,true,true,complete,validated,,,false,phase3_complete_validated,phase3,true,complete,complete,complete,validated,FGF_a55aecb2ddb36f028dfa50e2,turn_000003,2024-02-17T18:46:44.440159+00:00,cases/conversations/CASE_D988A0CE780E/stage_c_extraction_v5.json,cases/conversations/CASE_D988A0CE780E/stage_c_extraction_v5.json,complete_validated,false,,4,1,2
CASE_DB8B57C6DBEC,true,true,true,true,complete,validated,,,false,phase3_complete_validated,phase3,true,complete,complete,complete,validated,FGF_10a16e686dca98047d34be0a,turn_000003,2023-06-06T00:42:37.780720+00:00,cases/conversations/CASE_DB8B57C6DBEC/stage_c_extraction_v5.json,cases/conversations/CASE_DB8B57C6DBEC/stage_c_extraction_v5.json,complete_validated,false,,1,1,0
CASE_DBFC2CC31FE4,true,true,true,true,failed,failed,,,false,phase3_validation_failed,phase3,true,failed,complete,validation_failed,failed,FGF_17336e89a208b0c023248a57,turn_000003,2024-03-20T20:23:14.283596+00:00,cases/conversations/CASE_DBFC2CC31FE4/stage_c_extraction_v5.json,,validation_failed,true,ValueError: Pass 2 evidence is not attributable to its cited turns,0,0,0
CASE_DC1CD2C0366A,true,true,true,true,complete,validated,,,false,phase3_complete_validated,phase3,true,complete,complete,complete,validated,FGF_52996c7c784a297bad6b2a6c,turn_000003,2024-03-13T09:41:55.354256+00:00,cases/conversations/CASE_DC1CD2C0366A/stage_c_extraction_v5.json,cases/conversations/CASE_DC1CD2C0366A/stage_c_extraction_v5.json,complete_validated,false,,4,1,1
CASE_E22541DBFCC2,true,true,true,true,complete,validated,,,false,phase3_complete_validated,phase3,true,complete,complete,complete,validated,FGF_89152ce027ecbb6be3784c96,turn_000003,2024-04-24T09:34:57.715598+00:00,cases/conversations/CASE_E22541DBFCC2/stage_c_extraction_v5.json,cases/conversations/CASE_E22541DBFCC2/stage_c_extraction_v5.json,complete_validated,false,,4,0,0
CASE_E6ADDBF1751F,true,true,true,true,complete,validated,,,false,phase3_complete_validated,phase3,true,complete,complete,complete,validated,FGF_64ce1d2b85f0fe7947cb86df,turn_000004,2023-11-02T13:01:48.037682+00:00,cases/conversations/CASE_E6ADDBF1751F/stage_c_extraction_v5.json,cases/conversations/CASE_E6ADDBF1751F/stage_c_extraction_v5.json,complete_validated,false,,2,1,0
CASE_E8F12807DBDC,true,true,true,true,complete,validated,stage-c-v2-phase2,,false,reuse_accepted_stage-c-v2-phase2,pilot,true,complete,complete,complete,validated,FGF_3b0a38932949841dcf581917,turn_000003,2023-11-29T15:30:05.280608+00:00,cases/conversations/CASE_E8F12807DBDC/stage_c_extraction_v5.json,cases/conversations/CASE_E8F12807DBDC/stage_c_extraction_v5.json,complete_validated,false,,1,1,0
CASE_E9499409E39C,true,true,true,true,complete,validated,,,false,phase3_complete_validated,phase3,true,complete,complete,complete,validated,FGF_85dd97d704c39ae897fb3045,turn_000003,2024-02-04T06:18:20.388621+00:00,cases/conversations/CASE_E9499409E39C/stage_c_extraction_v5.json,cases/conversations/CASE_E9499409E39C/stage_c_extraction_v5.json,complete_validated,false,,1,1,0
CASE_EDED67A505D6,true,true,true,true,complete,validated,,,false,phase3_complete_validated,phase3,true,complete,complete,complete,validated,FGF_61efe3be37e1a710929ea6f5,turn_000003,2023-10-15T05:10:26.732889+00:00,cases/conversations/CASE_EDED67A505D6/stage_c_extraction_v5.json,cases/conversations/CASE_EDED67A505D6/stage_c_extraction_v5.json,complete_validated,false,,1,1,1
CASE_EE7F13CD9FB7,true,true,true,true,complete,validated,,,false,phase3_complete_validated,phase3,true,complete,complete,complete,validated,FGF_a1897814529043c722e28af2,turn_000005,2023-09-05T01:44:25.726944+00:00,cases/conversations/CASE_EE7F13CD9FB7/stage_c_extraction_v5.json,cases/conversations/CASE_EE7F13CD9FB7/stage_c_extraction_v5.json,complete_validated,false,,4,2,0
CASE_EECEB1B67DDF,true,true,true,true,complete,validated,,,false,phase3_complete_validated,phase3,true,complete,complete,complete,validated,FGF_e758490220457efe292f7ace,turn_000003,2023-08-10T22:09:21.776553+00:00,cases/conversations/CASE_EECEB1B67DDF/stage_c_extraction_v5.json,cases/conversations/CASE_EECEB1B67DDF/stage_c_extraction_v5.json,complete_validated,false,,1,1,0
CASE_EFB57C0D7D17,true,true,true,true,complete,validated,,,false,phase3_complete_validated,phase3,true,complete,complete,complete,validated,FGF_ba4ef49c3ae2d43c8e145a2f,turn_000003,2024-02-07T19:21:54.930568+00:00,cases/conversations/CASE_EFB57C0D7D17/stage_c_extraction_v5.json,cases/conversations/CASE_EFB57C0D7D17/stage_c_extraction_v5.json,complete_validated,false,,4,1,1
CASE_F04D9F77AEBD,true,true,true,true,complete,validated,,,false,phase3_complete_validated,phase3,true,complete,complete,complete,validated,FGF_197293ef1c593d15245dd454,turn_000004,2024-02-14T16:56:24.662180+00:00,cases/conversations/CASE_F04D9F77AEBD/stage_c_extraction_v5.json,cases/conversations/CASE_F04D9F77AEBD/stage_c_extraction_v5.json,complete_validated,false,,3,1,1
CASE_F13F98792012,true,true,true,true,complete,validated,,,false,phase3_complete_validated,phase3,true,complete,complete,complete,validated,FGF_5fc96bcbc0d99e4be5f6e407,turn_000003,2023-09-25T11:59:29.032600+00:00,cases/conversations/CASE_F13F98792012/stage_c_extraction_v5.json,cases/conversations/CASE_F13F98792012/stage_c_extraction_v5.json,complete_validated,false,,2,7,5
CASE_F369A6C52AFC,true,true,true,true,complete,validated,,,false,phase3_complete_validated,phase3,true,complete,complete,complete,validated,FGF_fd14a0d1cefe88fac90e8327,turn_000003,2024-01-07T13:22:25.537973+00:00,cases/conversations/CASE_F369A6C52AFC/stage_c_extraction_v5.json,cases/conversations/CASE_F369A6C52AFC/stage_c_extraction_v5.json,complete_validated,false,,3,3,2
CASE_F7BED13B8119,true,true,true,true,failed,failed,,,false,phase3_validation_failed,phase3,true,failed,complete,validation_failed,failed,FGF_45d70cf54a4f7fec5f8e02a3,turn_000009,2023-07-15T21:55:31.086959+00:00,cases/conversations/CASE_F7BED13B8119/stage_c_extraction_v5.json,,validation_failed,true,ValueError: Pass 2 item provenance is incomplete,0,0,0
CASE_F850E0DE06D3,true,true,true,true,complete,validated,,,false,phase3_complete_validated,phase3,true,complete,complete,complete,validated,FGF_8801a2243940f035c5b4b4e6,turn_000003,2023-06-02T14:42:14.814585+00:00,cases/conversations/CASE_F850E0DE06D3/stage_c_extraction_v5.json,cases/conversations/CASE_F850E0DE06D3/stage_c_extraction_v5.json,complete_validated,false,,11,3,3
CASE_F9321AC6C899,true,true,true,true,failed,failed,,recovered_zero_retry_01:infrastructure_failed,false,held_pending_controlled_resolution,recovered-zero+controlled,true,pending_controlled_resolution,complete,validation_failed,failed,FGF_d66d4c8b78cf7fee113bed1f,turn_000005,2023-11-15T01:41:12.713265+00:00,cases/conversations/CASE_F9321AC6C899/stage_c_extraction_v5.json,,pending_controlled_resolution,true,canonical_pass_2_validation_failed;controlled_retry_api_connection_error,0,0,0
CASE_F93FFAA22B9B,true,true,true,true,complete,validated,,,false,phase3_complete_validated,phase3,true,complete,complete,complete,validated,FGF_ec246c3a40729e18582b5348,turn_000003,2023-07-07T21:10:15.086839+00:00,cases/conversations/CASE_F93FFAA22B9B/stage_c_extraction_v5.json,cases/conversations/CASE_F93FFAA22B9B/stage_c_extraction_v5.json,complete_validated,false,,1,1,1
CASE_FAA2BE1ADE1A,true,true,true,true,complete,validated,,,false,reuse_accepted_recovered_zero_v2,recovered-zero,true,complete,complete,complete,validated,FGF_fc871d581e3793154fac77f3,turn_000003,2023-09-04T17:08:55.965194+00:00,cases/conversations/CASE_FAA2BE1ADE1A/stage_c_extraction_v5.json,cases/conversations/CASE_FAA2BE1ADE1A/stage_c_extraction_v5.json,complete_validated,false,,1,1,0
CASE_FAEC584E837A,true,true,true,true,complete,validated,,,false,phase3_complete_validated,phase3,true,complete,complete,complete,validated,FGF_b648e73c14103d77bd1632d4,turn_000004,2023-09-28T18:33:36.735883+00:00,cases/conversations/CASE_FAEC584E837A/stage_c_extraction_v5.json,cases/conversations/CASE_FAEC584E837A/stage_c_extraction_v5.json,complete_validated,false,,3,2,0
CASE_FE82721D67EB,true,true,true,true,complete,validated,,,false,phase3_complete_validated,phase3,true,complete,complete,complete,validated,FGF_fd284aefdb6f99df382d1f0e,turn_000003,2023-09-07T14:13:12.585890+00:00,cases/conversations/CASE_FE82721D67EB/stage_c_extraction_v5.json,cases/conversations/CASE_FE82721D67EB/stage_c_extraction_v5.json,complete_validated,false,,2,1,0
CASE_FF56769ECD05,true,true,true,true,complete,validated,,,false,phase3_complete_validated,phase3,true,complete,complete,complete,validated,FGF_3e40710fc060eb681a8f124a,turn_000003,2024-04-04T21:43:01.991259+00:00,cases/conversations/CASE_FF56769ECD05/stage_c_extraction_v5.json,cases/conversations/CASE_FF56769ECD05/stage_c_extraction_v5.json,complete_validated,false,,1,3,2
