case_id,stratum,v1_candidate_count,v2_candidate_count,exact_legacy_mapping_count,new_v2_candidate_count,earliest_v1_response,earliest_v2_response,earliest_response_classification,representation_impact_category,stage_c_status,stage_c_extraction_version,all_selected_v1_map_exactly,before_selected_response,in_selected_response,after_selected_response,future_stage_c_triage,zero_candidate_review_status,v2_sha256
CASE_091B52A05DEF,PA,2,2,2,0,turn_000004,turn_000004,T0,candidate_universe_unchanged,,,True,False,False,False,NOT_APPLICABLE_NO_EXISTING_STAGE_C,not_applicable,cd63faafd1e3248bb71e6a48bd6c15f23c879bc7f7448bd6d8d8477f9aad17e7
CASE_0C81DAE6280D,PA,1,1,1,0,turn_000003,turn_000003,T0,candidate_universe_unchanged,,,True,False,False,False,NOT_APPLICABLE_NO_EXISTING_STAGE_C,not_applicable,7a87a7b6b914bdba69fccce905dd5205727ffd7827079cc44a269b360fd73211
CASE_0CE9E03556F1,PN,0,7,0,7,,turn_000003,TZ,newly_recovered_from_zero,,,True,False,False,False,NOT_APPLICABLE_NO_EXISTING_STAGE_C,not_applicable,c8805ab162ff8dc6297e9a543664e352d9f0bf47531e19e4dce562231dd06c90
CASE_0ECE0C32A4BB,PA,4,4,4,0,turn_000003,turn_000003,T0,candidate_universe_unchanged,,,True,False,False,False,NOT_APPLICABLE_NO_EXISTING_STAGE_C,not_applicable,e80a4773af5001e17ee687740c35a985c6d0a3395bb2b85791db630005fcc721
CASE_1754D5BAEC54,PN,1,1,1,0,turn_000003,turn_000003,T0,candidate_universe_unchanged,,,True,False,False,False,NOT_APPLICABLE_NO_EXISTING_STAGE_C,not_applicable,276327227b9117ef5270b5d09a0c24d9c40de9c6c794944793c68baff0e24e97
CASE_179B36843FBE,PA,1,1,1,0,turn_000003,turn_000003,T0,candidate_universe_unchanged,,,True,False,False,False,NOT_APPLICABLE_NO_EXISTING_STAGE_C,not_applicable,46348f90c1038b80302cd1e1659db8b48f7c77f6c9d39a4593da68ef5c64a712
CASE_188C69620856,PA,8,8,8,0,turn_000003,turn_000003,T0,candidate_universe_unchanged,,,True,False,False,False,NOT_APPLICABLE_NO_EXISTING_STAGE_C,not_applicable,c8ba033f6c9c2849986231d61b19537c7f92844e87aa2cc6b4c704e66229656e
CASE_193801513E85,PA,8,14,8,6,turn_000005,turn_000005,T0,later_response_additions_only,complete,conversation-extraction-v4,True,False,False,True,NO_RERUN_INDICATED,not_applicable,233b17494dbc631a6244b1edda2cf3503d87644bf5896ecb0ea10a0da1e842e6
CASE_194F3A461B65,PA,1,1,1,0,turn_000003,turn_000003,T0,candidate_universe_unchanged,,,True,False,False,False,NOT_APPLICABLE_NO_EXISTING_STAGE_C,not_applicable,3ffa2ae207fb321e58f05a9b723b1614c60c90e7a3f87b77343fe08c6f28371b
CASE_1A72A70C88B5,PA,1,1,1,0,turn_000003,turn_000003,T0,candidate_universe_unchanged,,,True,False,False,False,NOT_APPLICABLE_NO_EXISTING_STAGE_C,not_applicable,e79d09c158c55cd8025eb731a3fc3029548056992c6ae3b06fc4ad4c659c882c
CASE_1C3B62857D19,PA,0,4,0,4,,turn_000003,TZ,newly_recovered_from_zero,,,True,False,False,False,NOT_APPLICABLE_NO_EXISTING_STAGE_C,not_applicable,048469a0e8d25098c849e8d2389a79b20d7291abe23034322ba0436b020e02cf
CASE_1FEA1F5DE7C1,PA,1,1,1,0,turn_000003,turn_000003,T0,candidate_universe_unchanged,,,True,False,False,False,NOT_APPLICABLE_NO_EXISTING_STAGE_C,not_applicable,495b916c114a8ac0331ffc6517560c0f58a71c61bf6a4ebe564d1f2058e25639
CASE_21DFA2A0B7DA,PN,2,2,2,0,turn_000003,turn_000003,T0,candidate_universe_unchanged,,,True,False,False,False,NOT_APPLICABLE_NO_EXISTING_STAGE_C,not_applicable,555a147369bb1487d4f8fa054eefa61ff6a4cdb576614b8334762f85b611c3ad
CASE_26F615E94B29,PA,2,2,2,0,turn_000003,turn_000003,T0,candidate_universe_unchanged,,,True,False,False,False,NOT_APPLICABLE_NO_EXISTING_STAGE_C,not_applicable,a5eadde55408249502b963af0ad6a0110416fac56c0706a7fa42ccc82b3c3327
CASE_27C861787A74,PA,0,1,0,1,,turn_000007,TZ,newly_recovered_from_zero,,,True,False,False,False,NOT_APPLICABLE_NO_EXISTING_STAGE_C,not_applicable,8bbf9bba6d2f407e63408e10f3c50d19eb04c9357b06b94ca43fe8a4bc970517
CASE_298A455FBBD8,PA,9,9,9,0,turn_000003,turn_000003,T0,candidate_universe_unchanged,,,True,False,False,False,NOT_APPLICABLE_NO_EXISTING_STAGE_C,not_applicable,fd68d74bce0a5036e1c015b2e4208cd86efbe3db7dea6f933a42f92495712f01
CASE_2ABF4A57FD48,PA,1,7,1,6,turn_000003,turn_000003,T0,later_response_additions_only,,,True,False,False,False,NOT_APPLICABLE_NO_EXISTING_STAGE_C,not_applicable,50ac357fd25c1c73b8b875c4c9ef488b9e505080e4dfc09224ee3ffe10bc7899
CASE_2BAC9476B7B1,PN,0,9,0,9,,turn_000003,TZ,newly_recovered_from_zero,,,True,False,False,False,NOT_APPLICABLE_NO_EXISTING_STAGE_C,not_applicable,e43ccd394144d96d11275194bc0f0bde375d7d3894f5ea179257d6f9d22d2364
CASE_2D5D7C7DC776,PA,3,3,3,0,turn_000003,turn_000003,T0,candidate_universe_unchanged,,,True,False,False,False,NOT_APPLICABLE_NO_EXISTING_STAGE_C,not_applicable,ef26369bea4416c6a5c2b850caeed9898c975c645d89ab9f3f69ff821734b8fd
CASE_2EE7F39A770C,PA,2,2,2,0,turn_000003,turn_000003,T0,candidate_universe_unchanged,,,True,False,False,False,NOT_APPLICABLE_NO_EXISTING_STAGE_C,not_applicable,e046b8a54d1f8d8d7c23ae917be7a94dd7a1b330551abf8debc9b40dba7ebe1b
CASE_31385155F1C4,PA,1,1,1,0,turn_000004,turn_000004,T0,candidate_universe_unchanged,,,True,False,False,False,NOT_APPLICABLE_NO_EXISTING_STAGE_C,not_applicable,2aefed13d608c55ba204a32091a749375cf80944e3184c1cfafcdc46f30d6f5f
CASE_31B64CD9DDDB,PA,0,4,0,4,,turn_000003,TZ,newly_recovered_from_zero,,,True,False,False,False,NOT_APPLICABLE_NO_EXISTING_STAGE_C,not_applicable,34de60900bdd796719aed118cd8e3de0bb671dee579bf8ae4792fabce8ee4fd9
CASE_34CAAE296942,PN,2,3,2,1,turn_000007,turn_000007,T0,later_response_additions_only,,,True,False,False,False,NOT_APPLICABLE_NO_EXISTING_STAGE_C,not_applicable,cbe8b2226c0c884f85703947b359b30d61f0a8acccc0936fa54e6b01b4f7e31b
CASE_34D14D6B0BB7,PA,1,1,1,0,turn_000003,turn_000003,T0,candidate_universe_unchanged,,,True,False,False,False,NOT_APPLICABLE_NO_EXISTING_STAGE_C,not_applicable,092d8bbbf79c1b64254afeb83a2c2624293cec3affa6f628fe95871bad0ae882
CASE_36570F50AD25,PA,4,4,4,0,turn_000003,turn_000003,T0,candidate_universe_unchanged,,,True,False,False,False,NOT_APPLICABLE_NO_EXISTING_STAGE_C,not_applicable,9a42924a360c4bd629bcf499f4ddcaa1c4fb6cfedcd37c57ac175f944580b738
CASE_36ED555D6DE4,PA,1,1,1,0,turn_000003,turn_000003,T0,candidate_universe_unchanged,,,True,False,False,False,NOT_APPLICABLE_NO_EXISTING_STAGE_C,not_applicable,3810ed0dc0fc4162a3290b4e9ac69df7ba2da773fe439066f73c54bacecc5f07
CASE_3A639B473AED,PA,3,3,3,0,turn_000003,turn_000003,T0,candidate_universe_unchanged,,,True,False,False,False,NOT_APPLICABLE_NO_EXISTING_STAGE_C,not_applicable,694078d943eff1fd8f87a1de77bc434f5890ec1593d2596f00a9e378e7900c7d
CASE_3D1C336B94C8,PA,1,1,1,0,turn_000003,turn_000003,T0,candidate_universe_unchanged,,,True,False,False,False,NOT_APPLICABLE_NO_EXISTING_STAGE_C,not_applicable,437d23dafca64e32337806c1f6544f94e229951726011db370552ec2d2fd7070
CASE_3E10D31BBE69,PN,0,11,0,11,,turn_000003,TZ,newly_recovered_from_zero,,,True,False,False,False,NOT_APPLICABLE_NO_EXISTING_STAGE_C,not_applicable,c284284b8a82e9a953160ce938fdb3946a71c2d951703d125a53cdbb0c359249
CASE_3E3A525883BA,PA,0,3,0,3,,turn_000003,TZ,newly_recovered_from_zero,,,True,False,False,False,NOT_APPLICABLE_NO_EXISTING_STAGE_C,not_applicable,ebe73c876f82be52ec638618c76cdf2a64493f5971509b5de18ce9f0486eac93
CASE_414279E8C348,PN,0,5,0,5,,turn_000003,TZ,newly_recovered_from_zero,,,True,False,False,False,NOT_APPLICABLE_NO_EXISTING_STAGE_C,not_applicable,42338f4dfb06aaf0b7b59eb3937670b1683eb49fae878a16a691ecaf4d625a74
CASE_435C36453469,PN,2,2,2,0,turn_000003,turn_000003,T0,candidate_universe_unchanged,,,True,False,False,False,NOT_APPLICABLE_NO_EXISTING_STAGE_C,not_applicable,37261cf6badd8f9849a7d4a9dedf2cfe8dc0e9d398620f8a8365b95b060baa30
CASE_43E88314E461,PN,0,2,0,2,,turn_000004,TZ,newly_recovered_from_zero,,,True,False,False,False,NOT_APPLICABLE_NO_EXISTING_STAGE_C,not_applicable,ee583eba9f5a377450869d1e1980b072885fe604c53729b0abace5f142c55e5f
CASE_488C3B9CF30B,PN,0,4,0,4,,turn_000003,TZ,newly_recovered_from_zero,,,True,False,False,False,NOT_APPLICABLE_NO_EXISTING_STAGE_C,not_applicable,69f9ef2cdf5a17e48ccbb558375f3eeb3a3d525c5422a82d02a5b83ceee413d2
CASE_50556C8D545F,PN,2,2,2,0,turn_000003,turn_000003,T0,candidate_universe_unchanged,,,True,False,False,False,NOT_APPLICABLE_NO_EXISTING_STAGE_C,not_applicable,db999f80ca25b9e6e91712188b9462ac2082444fba43223b907b250553ff4ab6
CASE_51918C8EB470,PA,3,3,3,0,turn_000005,turn_000005,T0,candidate_universe_unchanged,complete,conversation-extraction-v4,True,False,False,False,NO_RERUN_INDICATED,not_applicable,fb9af85e3e10ed7fe0343345697cb6a43caf2a3ba3dd4df965a86a44000d321d
CASE_522F0F296F37,PA,2,2,2,0,turn_000003,turn_000003,T0,candidate_universe_unchanged,,,True,False,False,False,NOT_APPLICABLE_NO_EXISTING_STAGE_C,not_applicable,6455deebfec33a41168a85d3d12bf61ae45003d355f73cbe3a1f52c52ce67582
CASE_59209E5F12FB,PA,1,1,1,0,turn_000003,turn_000003,T0,candidate_universe_unchanged,,,True,False,False,False,NOT_APPLICABLE_NO_EXISTING_STAGE_C,not_applicable,7a491d250c968b856a2155b27e1b38ae1de8ea1a3346cf02b1ccaffc2c246419
CASE_5A3A043A5011,PA,5,8,5,3,turn_000005,turn_000003,T2,earlier_response_additions,,,True,False,False,False,NOT_APPLICABLE_NO_EXISTING_STAGE_C,not_applicable,054206a71f4199be1f29e344b5b79b1ff425c788384f673357fbc5c8b7abea46
CASE_5C203B1DBF11,PN,4,5,4,1,turn_000003,turn_000003,T0,same_response_additions_only,complete,conversation-extraction-v4,True,False,True,False,HUMAN_IMPACT_REVIEW,not_applicable,87a05ab24d395ab7b2757c199d6c8cc25c35d78155438907521998500cf2379f
CASE_5D45BE40E95A,PA,1,1,1,0,turn_000003,turn_000003,T0,candidate_universe_unchanged,,,True,False,False,False,NOT_APPLICABLE_NO_EXISTING_STAGE_C,not_applicable,a3b6c0d45ba79f06187a4afdd1960758d1ae9fb3a87de6902624051c6b4160c9
CASE_5FC257622E18,PN,0,7,0,7,,turn_000003,TZ,newly_recovered_from_zero,,,True,False,False,False,NOT_APPLICABLE_NO_EXISTING_STAGE_C,not_applicable,86db3cdfaeb2834abc83b56ff740db2014e0c3ede0dedf92baa135e45d5d6fa4
CASE_60CF5311F25C,PA,2,2,2,0,turn_000003,turn_000003,T0,candidate_universe_unchanged,,,True,False,False,False,NOT_APPLICABLE_NO_EXISTING_STAGE_C,not_applicable,64d3372ee2a1686b77de1f041b9bf29c181b558aadb09a82612c9bc0d6b0bb90
CASE_6413F3DD2F91,PA,1,1,1,0,turn_000003,turn_000003,T0,candidate_universe_unchanged,,,True,False,False,False,NOT_APPLICABLE_NO_EXISTING_STAGE_C,not_applicable,f50da025870638da20bcd737189b1cd434483dc1c1d3802e03bb059ae4f28496
CASE_6C2918844CE5,PA,3,3,3,0,turn_000003,turn_000003,T0,candidate_universe_unchanged,,,True,False,False,False,NOT_APPLICABLE_NO_EXISTING_STAGE_C,not_applicable,27bb3d770b494f09c196de08233f38b59edb02c17347ccdf47d196794f02cb19
CASE_6C65BC36BF60,PA,13,15,13,2,turn_000005,turn_000005,T0,same_response_additions_only,complete,conversation-extraction-v4,True,False,False,True,NO_RERUN_INDICATED,not_applicable,fcce75dd43593d8768db6c4e4f3b3e04a041a31d41c29fab816788801148258b
CASE_6D67A6A3F752,PN,1,1,1,0,turn_000007,turn_000007,T0,candidate_universe_unchanged,,,True,False,False,False,NOT_APPLICABLE_NO_EXISTING_STAGE_C,not_applicable,62f143ddd06cb2770755699728dc80dd82f0e8b5d7f14ff3d5b6768d02bde0c0
CASE_6DA0F9615A57,PA,0,2,0,2,,turn_000007,TZ,newly_recovered_from_zero,,,True,False,False,False,NOT_APPLICABLE_NO_EXISTING_STAGE_C,not_applicable,8aeae71c7455d904a496e039574e2f36a43ada49670d132aab796b2ea32064cc
CASE_6ECAEEE54BD9,PN,5,5,5,0,turn_000003,turn_000003,T0,candidate_universe_unchanged,,,True,False,False,False,NOT_APPLICABLE_NO_EXISTING_STAGE_C,not_applicable,8fd4f9b194fdc83426293058942e6fd7899076624f2cbd7b6d637d39afa49ba2
CASE_718BCF5AB319,PA,2,2,2,0,turn_000003,turn_000003,T0,candidate_universe_unchanged,,,True,False,False,False,NOT_APPLICABLE_NO_EXISTING_STAGE_C,not_applicable,5e88a7af9786f611794a848696b997f2b94072f306f9a18e5ae3e140cef5970b
CASE_72448D73D60F,PN,0,4,0,4,,turn_000003,TZ,newly_recovered_from_zero,,,True,False,False,False,NOT_APPLICABLE_NO_EXISTING_STAGE_C,not_applicable,ba5cb96a39064634c2510663a5ea975cc5917eb541ab4556acc36de0a7cb2ec0
CASE_7351FB1ECD56,PA,1,1,1,0,turn_000003,turn_000003,T0,candidate_universe_unchanged,,,True,False,False,False,NOT_APPLICABLE_NO_EXISTING_STAGE_C,not_applicable,fbb4cbaefff10cde6cb3c72d5261fe16fec182593fd9d981490e319249109c8d
CASE_74FE6518B1D8,PN,0,4,0,4,,turn_000003,TZ,newly_recovered_from_zero,,,True,False,False,False,NOT_APPLICABLE_NO_EXISTING_STAGE_C,not_applicable,608cb2847491f20c328102c4dcabf5c2d5d8d01f6ec3c93ef87a349faf838773
CASE_77BDD439B74B,PN,1,1,1,0,turn_000004,turn_000004,T0,candidate_universe_unchanged,,,True,False,False,False,NOT_APPLICABLE_NO_EXISTING_STAGE_C,not_applicable,1bc7c8531d06a7402954708cfbf5e7b1a5eaf38ce3f818cc77c5d2047d65afd7
CASE_77D26276DFFD,PN,0,12,0,12,,turn_000003,TZ,newly_recovered_from_zero,,,True,False,False,False,NOT_APPLICABLE_NO_EXISTING_STAGE_C,not_applicable,f31cc75ce601aa189c7c045f8f8fe2590eac04291e4f325d1fecc96841f478b4
CASE_7A2975A1686D,PA,1,1,1,0,turn_000005,turn_000005,T0,candidate_universe_unchanged,,,True,False,False,False,NOT_APPLICABLE_NO_EXISTING_STAGE_C,not_applicable,169ccd982d60be9998f9352747522bc6c2c35c49352fd72f07dcbd0738c94ace
CASE_7EA4C03D1DDC,PA,1,1,1,0,turn_000003,turn_000003,T0,candidate_universe_unchanged,,,True,False,False,False,NOT_APPLICABLE_NO_EXISTING_STAGE_C,not_applicable,d486edc399dd614f48a942eea6c8f79e214f5bcaddf76eab5b0cc6c21204b987
CASE_813B25949CF6,PN,4,4,4,0,turn_000003,turn_000003,T0,candidate_universe_unchanged,,,True,False,False,False,NOT_APPLICABLE_NO_EXISTING_STAGE_C,not_applicable,4343f2ef32a89b706e9ab31065828026875583db5b238d7d36a819498df55d70
CASE_82C8812C7E0F,PN,1,2,1,1,turn_000003,turn_000003,T0,same_response_additions_only,,,True,False,False,False,NOT_APPLICABLE_NO_EXISTING_STAGE_C,not_applicable,dd93d1be5d8af3d3a46ffdc52f9300c425c3931572013ba218a70237a9151f73
CASE_84DFC90D3698,PA,2,2,2,0,turn_000018,turn_000018,T0,candidate_universe_unchanged,,,True,False,False,False,NOT_APPLICABLE_NO_EXISTING_STAGE_C,not_applicable,1d7d6a06b1b5ba8180d9de97bd7c73687a2ba4b2f58ba1970f0155851ec9f640
CASE_85AD863F8290,PA,8,10,8,2,turn_000003,turn_000003,T0,later_response_additions_only,,,True,False,False,False,NOT_APPLICABLE_NO_EXISTING_STAGE_C,not_applicable,036983c6ff04925dde58b63d6cac3570e74015fa0b7d2d0385945c5f2ec2ec67
CASE_8A756AAC10B8,PN,4,4,4,0,turn_000003,turn_000003,T0,candidate_universe_unchanged,,,True,False,False,False,NOT_APPLICABLE_NO_EXISTING_STAGE_C,not_applicable,cc564a0b7f47eb584cf58183fc8bde857811f8cb16fe2ec5b9846a11fd26e32e
CASE_8A8D4442D5EB,PN,2,2,2,0,turn_000003,turn_000003,T0,candidate_universe_unchanged,,,True,False,False,False,NOT_APPLICABLE_NO_EXISTING_STAGE_C,not_applicable,78985faec0154d2c28ad8a56caaa813f19285717b8b186897490d0e2c18fc7fb
CASE_91E13A588000,PA,1,1,1,0,turn_000003,turn_000003,T0,candidate_universe_unchanged,,,True,False,False,False,NOT_APPLICABLE_NO_EXISTING_STAGE_C,not_applicable,43e10eabe61c540b0c50fc22840c2faa8cb94db2e55ca1f2643a3387cc2dc5f6
CASE_9213ACECEA46,PA,1,1,1,0,turn_000003,turn_000003,T0,candidate_universe_unchanged,,,True,False,False,False,NOT_APPLICABLE_NO_EXISTING_STAGE_C,not_applicable,c449ef0ee57fc9ee861fe6adf9d848197b5408305a671b622c048958416e2af7
CASE_978B83E2DF72,PA,0,6,0,6,,turn_000004,TZ,newly_recovered_from_zero,,,True,False,False,False,NOT_APPLICABLE_NO_EXISTING_STAGE_C,not_applicable,a1bc9b3fab1dd6b3d3a929b799f451a75d5e36db1ce98a021cbd2ed6a691dcb5
CASE_97AFC2022473,PA,3,3,3,0,turn_000003,turn_000003,T0,candidate_universe_unchanged,,,True,False,False,False,NOT_APPLICABLE_NO_EXISTING_STAGE_C,not_applicable,3d7b36edb6d21c17b786d5a853313e64acd3545ae4f50bf3f43113ddc74c8771
CASE_98B41CACA483,PN,1,1,1,0,turn_000004,turn_000004,T0,candidate_universe_unchanged,,,True,False,False,False,NOT_APPLICABLE_NO_EXISTING_STAGE_C,not_applicable,8360ee12f0db95d8b1259226a78f163d9d07f013d89808eab089125592026385
CASE_99D45A6BFF86,PA,1,7,1,6,turn_000003,turn_000003,T0,later_response_additions_only,,,True,False,False,False,NOT_APPLICABLE_NO_EXISTING_STAGE_C,not_applicable,2aaa5eb8412f8b911fc49092eccb5eb98019da0f931c5372495e7222182b58a5
CASE_9B31F94A6604,PA,6,7,6,1,turn_000003,turn_000003,T0,same_response_additions_only,,,True,False,False,False,NOT_APPLICABLE_NO_EXISTING_STAGE_C,not_applicable,a9656c05c753e63525ba8ac0302c6e3e5d3c8ac466f24b50092f772e61cf4a1f
CASE_9E4D3DF1CDB9,PN,2,2,2,0,turn_000003,turn_000003,T0,candidate_universe_unchanged,,,True,False,False,False,NOT_APPLICABLE_NO_EXISTING_STAGE_C,not_applicable,fa27d71a3ea37c5de1814532597fea00ccc31c53c6138d41dd060ec5ca5df87b
CASE_A0301CC135FC,PA,1,1,1,0,turn_000003,turn_000003,T0,candidate_universe_unchanged,,,True,False,False,False,NOT_APPLICABLE_NO_EXISTING_STAGE_C,not_applicable,0646980e6bb6a9d0addbd6179a0e178b3ca7f1d9e01d4a01e807f8478e1a74c3
CASE_A0C5FC961ECD,PA,22,28,22,6,turn_000003,turn_000003,T0,later_response_additions_only,,,True,False,False,False,NOT_APPLICABLE_NO_EXISTING_STAGE_C,not_applicable,b9fb4f7fd6db4b40e9106f30d41c091da05c2b306f8a21251c155167af7a3e5e
CASE_A1DC1299D73A,PA,1,1,1,0,turn_000003,turn_000003,T0,candidate_universe_unchanged,,,True,False,False,False,NOT_APPLICABLE_NO_EXISTING_STAGE_C,not_applicable,8fb910f6e4060f848521b838674d6d8d99a44933e3b4c76151da2312c87daac6
CASE_A33FC2CCCA9D,PN,1,1,1,0,turn_000003,turn_000003,T0,candidate_universe_unchanged,,,True,False,False,False,NOT_APPLICABLE_NO_EXISTING_STAGE_C,not_applicable,0ce892b7e266d2698895e0be51f5e81405c7974aad79778537824a52512e6ebc
CASE_A46532387B1B,PA,9,9,9,0,turn_000003,turn_000003,T0,candidate_universe_unchanged,complete,conversation-extraction-v4,True,False,False,False,NO_RERUN_INDICATED,not_applicable,4f034da048a4f0edfa4c878cae439b1c86509251d6c18e0f7cd93363f87a0e39
CASE_A48E956577BA,PA,2,2,2,0,turn_000003,turn_000003,T0,candidate_universe_unchanged,,,True,False,False,False,NOT_APPLICABLE_NO_EXISTING_STAGE_C,not_applicable,8946a06a093597b44b7e021b1113d7c6067fb5bd52a3edb7cc751405d6d9e342
CASE_A4CDC94D210B,PA,1,1,1,0,turn_000003,turn_000003,T0,candidate_universe_unchanged,,,True,False,False,False,NOT_APPLICABLE_NO_EXISTING_STAGE_C,not_applicable,9aa871ddd3cbad5fe51da53158034b7383834263c599b555bf5b24a71753fecb
CASE_AADA2C787EEE,PN,0,22,0,22,,turn_000005,TZ,newly_recovered_from_zero,unresolved,conversation-extraction-v4,True,False,False,False,STAGE_C_V2_RERUN_REQUIRED,not_applicable,5f6ab8296d5b9e9fa0980ace64776c798a700b56d05f6f119091531492c31d88
CASE_AB42B2598A84,PA,1,1,1,0,turn_000003,turn_000003,T0,candidate_universe_unchanged,complete,conversation-extraction-v4,True,False,False,False,NO_RERUN_INDICATED,not_applicable,b410cb34bd246f4be5534d665d8ec525a5d0648e3eb892af29e5e4aa4ff7fe82
CASE_AD8C4F13A90B,PN,1,1,1,0,turn_000003,turn_000003,T0,candidate_universe_unchanged,,,True,False,False,False,NOT_APPLICABLE_NO_EXISTING_STAGE_C,not_applicable,33e4acc4596e1ab78a56b1c5b2a8060803a38f735f0dd1d3d284582102465e17
CASE_B0892F2A5485,PA,2,2,2,0,turn_000003,turn_000003,T0,candidate_universe_unchanged,,,True,False,False,False,NOT_APPLICABLE_NO_EXISTING_STAGE_C,not_applicable,21e95a135f20ca0f90f08606a7a026ebb49e02464ed9de27a7e1413660696b5c
CASE_B0A21EE800C0,PA,2,2,2,0,turn_000003,turn_000003,T0,candidate_universe_unchanged,,,True,False,False,False,NOT_APPLICABLE_NO_EXISTING_STAGE_C,not_applicable,3ae038602403c6433ba5617fd47eefdca749f30b6a486efaeb5054c028b4677b
CASE_B27322676691,PN,3,3,3,0,turn_000003,turn_000003,T0,candidate_universe_unchanged,,,True,False,False,False,NOT_APPLICABLE_NO_EXISTING_STAGE_C,not_applicable,890b26f4873d5482149787c33fc48eef8d5ae72bf7be9c2a7a9b898d18322101
CASE_B98070F8A24D,PA,1,1,1,0,turn_000004,turn_000004,T0,candidate_universe_unchanged,,,True,False,False,False,NOT_APPLICABLE_NO_EXISTING_STAGE_C,not_applicable,7413f216ff7f6d779d365eaa6270189145eb347ac8aed380b673a61989ee8283
CASE_B9E914A3762C,PN,0,2,0,2,,turn_000003,TZ,newly_recovered_from_zero,,,True,False,False,False,NOT_APPLICABLE_NO_EXISTING_STAGE_C,not_applicable,fb2802d37b43e522473ca72fa612b3369ab6d974228b6d9ce0cd7149817fc94b
CASE_BD187BC12672,PN,0,4,0,4,,turn_000003,TZ,newly_recovered_from_zero,,,True,False,False,False,NOT_APPLICABLE_NO_EXISTING_STAGE_C,not_applicable,42589a970002b43688bd5bf2ae33ddb78b2857b1653d3894f6f4f87f45a72bd3
CASE_BD3DEF3FC202,PN,22,22,22,0,turn_000003,turn_000003,T0,candidate_universe_unchanged,complete,conversation-extraction-v4,True,False,False,False,NO_RERUN_INDICATED,not_applicable,f51d259a757faf83f4e3353f8abdb7e8ded07dad09b406f9e2cd2947fa1a88c5
CASE_BFB2599E145D,PA,5,5,5,0,turn_000003,turn_000003,T0,candidate_universe_unchanged,,,True,False,False,False,NOT_APPLICABLE_NO_EXISTING_STAGE_C,not_applicable,c62a12c67575dd2b86d34c4cad83a883341138236bf36db81e6af3b6a68803e2
CASE_C0D08BE70845,PA,1,1,1,0,turn_000007,turn_000007,T0,candidate_universe_unchanged,,,True,False,False,False,NOT_APPLICABLE_NO_EXISTING_STAGE_C,not_applicable,2a8ca686c7c4b6a8c64686dda234b3ba605c3e0e33d3f56b3fcf6fc232cf2cd4
CASE_C482978A9FE9,PN,4,6,4,2,turn_000006,turn_000004,T2,earlier_response_additions,complete,conversation-extraction-v4,True,True,False,False,STAGE_C_V2_RERUN_REQUIRED,not_applicable,49ae5c37e4fa702e8d11dc3df3ba999633aa82dba7b1684c3aaf9bb8745f1c9b
CASE_C95F69523646,PN,1,1,1,0,turn_000003,turn_000003,T0,candidate_universe_unchanged,,,True,False,False,False,NOT_APPLICABLE_NO_EXISTING_STAGE_C,not_applicable,f0ebd95087c87c6675092b4916445766baa2d370f8d2ba9b318d02ab4f1dc470
CASE_CDFEF66FCEAA,PN,1,1,1,0,turn_000003,turn_000003,T0,candidate_universe_unchanged,,,True,False,False,False,NOT_APPLICABLE_NO_EXISTING_STAGE_C,not_applicable,9c9976f70947835ab07c4f7ab72794dea885ff937c8b91e023e8f7edadd44e69
CASE_CE4BF3CB944D,PN,1,5,1,4,turn_000003,turn_000003,T0,later_response_additions_only,,,True,False,False,False,NOT_APPLICABLE_NO_EXISTING_STAGE_C,not_applicable,e090e0fcbad0bcc3f0b954318af4b4d2d5ff5f2a2e67353ffedeff2550978b24
CASE_CE6B20EEAAB5,PA,9,16,9,7,turn_000011,turn_000011,T0,later_response_additions_only,,,True,False,False,False,NOT_APPLICABLE_NO_EXISTING_STAGE_C,not_applicable,0dda810bc047dcfe0d3808b0c5444b9fc73d1565994d1ee90b7bb3a76e87f5d1
CASE_D3D74721B407,PA,5,5,5,0,turn_000003,turn_000003,T0,candidate_universe_unchanged,,,True,False,False,False,NOT_APPLICABLE_NO_EXISTING_STAGE_C,not_applicable,f53c084dcaaff2941a02da4bbd6d3dd797d11e573448c1878811cfc4cfd1372e
CASE_D52C7AE8E2E7,PN,0,2,0,2,,turn_000003,TZ,newly_recovered_from_zero,,,True,False,False,False,NOT_APPLICABLE_NO_EXISTING_STAGE_C,not_applicable,f949bbfe15612ab4457266b3bfb1f3c866b82e0ecaee617f4e801310d5e64459
CASE_D59F0752944D,PN,1,1,1,0,turn_000003,turn_000003,T0,candidate_universe_unchanged,,,True,False,False,False,NOT_APPLICABLE_NO_EXISTING_STAGE_C,not_applicable,1c2b50a7c15a562544e3d08f3c747825b8be6badedd209979e0e503e8da798b1
CASE_D88ECC0E2921,PA,2,2,2,0,turn_000004,turn_000004,T0,candidate_universe_unchanged,,,True,False,False,False,NOT_APPLICABLE_NO_EXISTING_STAGE_C,not_applicable,80b6aca85f3ad208921d6e4955cd548ed01063b95baaf86a2f8bc86f1e4a7db3
CASE_D988A0CE780E,PA,1,1,1,0,turn_000003,turn_000003,T0,candidate_universe_unchanged,,,True,False,False,False,NOT_APPLICABLE_NO_EXISTING_STAGE_C,not_applicable,9b3e0e772a7de49e524925fc8c1c7a6f0aa1724524fb092de228459af07e1b86
CASE_DB8B57C6DBEC,PN,3,3,3,0,turn_000003,turn_000003,T0,candidate_universe_unchanged,,,True,False,False,False,NOT_APPLICABLE_NO_EXISTING_STAGE_C,not_applicable,6a236e8dd08edcd5736e8b620be74a914107aa1792be3da2c99710acb68b6908
CASE_DBFC2CC31FE4,PA,2,2,2,0,turn_000003,turn_000003,T0,candidate_universe_unchanged,,,True,False,False,False,NOT_APPLICABLE_NO_EXISTING_STAGE_C,not_applicable,f75da3471d21f22906fcac61994dd3aa4f7fe9dd9f73fc89e75926e9e2b3093f
CASE_DC1CD2C0366A,PA,1,1,1,0,turn_000003,turn_000003,T0,candidate_universe_unchanged,,,True,False,False,False,NOT_APPLICABLE_NO_EXISTING_STAGE_C,not_applicable,8d920a7afa137e83d82406867c017183fddc93186a813b21a12c24b0c4026887
CASE_E22541DBFCC2,PA,5,6,5,1,turn_000003,turn_000003,T0,same_response_additions_only,,,True,False,False,False,NOT_APPLICABLE_NO_EXISTING_STAGE_C,not_applicable,8fc634ef3c73ade2b446f2a20e80c933a391e092c63a15d7166180eb88ce0e94
CASE_E6ADDBF1751F,PN,1,1,1,0,turn_000004,turn_000004,T0,candidate_universe_unchanged,,,True,False,False,False,NOT_APPLICABLE_NO_EXISTING_STAGE_C,not_applicable,88108ffc0110a72f1f5e8a02851c0cbcfafbda3080b3ffdf5dfb19c9b5d8c82e
CASE_E8F12807DBDC,PA,1,5,1,4,turn_000005,turn_000003,T2,earlier_response_additions,,,True,False,False,False,NOT_APPLICABLE_NO_EXISTING_STAGE_C,not_applicable,5c0b2353cb66ba6a89ea69d9050984e4a767c195168a8fd8d3b4d5bff6bfb580
CASE_E9499409E39C,PA,2,2,2,0,turn_000003,turn_000003,T0,candidate_universe_unchanged,,,True,False,False,False,NOT_APPLICABLE_NO_EXISTING_STAGE_C,not_applicable,9b161314a5dcd76deedba2c48885153925ba19e69cbae9a4f7554271fca326f3
CASE_EDED67A505D6,PA,1,1,1,0,turn_000003,turn_000003,T0,candidate_universe_unchanged,,,True,False,False,False,NOT_APPLICABLE_NO_EXISTING_STAGE_C,not_applicable,aab3bf67ee19bf054c1fff932573c94b884c2eb39e7b5a6d672e1462a60305ef
CASE_EE7F13CD9FB7,PN,3,3,3,0,turn_000005,turn_000005,T0,candidate_universe_unchanged,,,True,False,False,False,NOT_APPLICABLE_NO_EXISTING_STAGE_C,not_applicable,039d695cbe4a92cfa82215670cfa69af084363f4d0399605455e10352022875e
CASE_EECEB1B67DDF,PN,5,6,5,1,turn_000003,turn_000003,T0,later_response_additions_only,complete,conversation-extraction-v4,True,False,False,True,NO_RERUN_INDICATED,not_applicable,65b5920343baa570eebff87015180d8b6dbd1d7fb0b0a9823773e509906f81f4
CASE_EFB57C0D7D17,PA,1,1,1,0,turn_000003,turn_000003,T0,candidate_universe_unchanged,,,True,False,False,False,NOT_APPLICABLE_NO_EXISTING_STAGE_C,not_applicable,8565640132461e45c12f2c35c5b7f56b85b343e4d234777e9b275bbf0ab4b6f7
CASE_F04D9F77AEBD,PA,1,1,1,0,turn_000004,turn_000004,T0,candidate_universe_unchanged,,,True,False,False,False,NOT_APPLICABLE_NO_EXISTING_STAGE_C,not_applicable,f20e14a9325ab480c848ebea8f53ff09dd6f7d0c3f11a874a99fb3d0df023fc8
CASE_F13F98792012,PN,1,2,1,1,turn_000003,turn_000003,T0,same_response_additions_only,,,True,False,False,False,NOT_APPLICABLE_NO_EXISTING_STAGE_C,not_applicable,3f0d819674e76fd39bc4340a6fdc0ed733b3d5c77018f062014203d560f8e067
CASE_F369A6C52AFC,PA,1,1,1,0,turn_000003,turn_000003,T0,candidate_universe_unchanged,,,True,False,False,False,NOT_APPLICABLE_NO_EXISTING_STAGE_C,not_applicable,bc416c8d8c70bcd83678c1950ddb64a40ad846e34a3813f5e97d3e944052c54c
CASE_F7BED13B8119,PN,1,1,1,0,turn_000009,turn_000009,T0,candidate_universe_unchanged,,,True,False,False,False,NOT_APPLICABLE_NO_EXISTING_STAGE_C,not_applicable,cdf974bfe207b9149e32518a9f3ac9f2eca7f43431bde4d5915e4c1f37d7e267
CASE_F850E0DE06D3,PA,3,3,3,0,turn_000003,turn_000003,T0,candidate_universe_unchanged,,,True,False,False,False,NOT_APPLICABLE_NO_EXISTING_STAGE_C,not_applicable,0aaf79c70dd0fefa1866d0e9500d8ca4141913643a49ed35047bedfa0f6987cd
CASE_F9321AC6C899,PN,0,1,0,1,,turn_000005,TZ,newly_recovered_from_zero,,,True,False,False,False,NOT_APPLICABLE_NO_EXISTING_STAGE_C,not_applicable,f1c2ef14d288a10d65bf654042930a35618b95a66f3535648759973af1911e3c
CASE_F93FFAA22B9B,PA,4,4,4,0,turn_000003,turn_000003,T0,candidate_universe_unchanged,,,True,False,False,False,NOT_APPLICABLE_NO_EXISTING_STAGE_C,not_applicable,4cf871b8ea1262e2aeb08d7b49c8170a6cbccbd943944be96c686312896057cd
CASE_FAA2BE1ADE1A,PN,0,5,0,5,,turn_000003,TZ,newly_recovered_from_zero,,,True,False,False,False,NOT_APPLICABLE_NO_EXISTING_STAGE_C,not_applicable,45442101585af377434ca804e013662912cd1a3f0738d9ce2216f29a36a78e93
CASE_FAEC584E837A,PN,1,1,1,0,turn_000004,turn_000004,T0,candidate_universe_unchanged,,,True,False,False,False,NOT_APPLICABLE_NO_EXISTING_STAGE_C,not_applicable,35600ac1fe62d097d9db497e174b17245b253fafd83670e1fda0086a1b26c703
CASE_FE82721D67EB,PN,5,5,5,0,turn_000003,turn_000003,T0,candidate_universe_unchanged,,,True,False,False,False,NOT_APPLICABLE_NO_EXISTING_STAGE_C,not_applicable,d303be053d90879cfeb971fbd19695634980275aa45655cbc7b493f1ae374df3
CASE_FF56769ECD05,PA,1,1,1,0,turn_000003,turn_000003,T0,candidate_universe_unchanged,,,True,False,False,False,NOT_APPLICABLE_NO_EXISTING_STAGE_C,not_applicable,7da9f3e80f5e2eb984197cae470c4faeedbdd1c9eeae396d1633bb7f66dcb9cb
