case_id,current_disposition,pass1_status,family_id,tFG,pass2_status,deterministic_failure,failure_taxonomy,model_output_error_or_contract_mismatch,controlled_rerun_history,proposed_resolution_path,notes
CASE_091B52A05DEF,validation_failed,complete,FGF_491465641d825d9e743d433f,2023-11-14T21:50:49.315735+00:00,validation_failed,ValueError: Pass 2 evidence is not attributable to its cited turns,A,MODEL_OUTPUT_ERROR,none,CONTROLLED_RERUN_UNCHANGED_METHOD,Rejected evidence was not an exact substring of its cited admissible turn; frozen prompt explicitly requires supporting evidence copied from cited turns.
CASE_31385155F1C4,validation_failed,complete,FGF_a5cf2c41079a91f70bc88ada,2024-05-03T21:03:35.069404+00:00,validation_failed,ValueError: Pass 2 evidence is not attributable to its cited turns,A,MODEL_OUTPUT_ERROR,none,CONTROLLED_RERUN_UNCHANGED_METHOD,Rejected evidence was not an exact substring of its cited admissible turn; frozen prompt explicitly requires supporting evidence copied from cited turns.
CASE_435C36453469,validation_failed,complete,FGF_1f48802b5a6876a167cfcc60,2023-06-21T21:09:18.276651+00:00,validation_failed,ValueError: Pass 2 evidence is not attributable to its cited turns,A,MODEL_OUTPUT_ERROR,none,CONTROLLED_RERUN_UNCHANGED_METHOD,Rejected evidence was not an exact substring of its cited admissible turn; frozen prompt explicitly requires supporting evidence copied from cited turns.
CASE_6D67A6A3F752,validation_failed,complete,FGF_78a35d04d45fa56b39c88820,2023-06-29T06:18:40.890345+00:00,validation_failed,ValueError: Pass 2 evidence is not attributable to its cited turns,A,MODEL_OUTPUT_ERROR,none,CONTROLLED_RERUN_UNCHANGED_METHOD,Rejected evidence was not an exact substring of its cited admissible turn; frozen prompt explicitly requires supporting evidence copied from cited turns.
CASE_7EA4C03D1DDC,validation_failed,complete,FGF_cdea4cb9ea9c8c953df62bbf,2023-06-04T12:49:36.209461+00:00,validation_failed,ValueError: Pass 2 evidence is not attributable to its cited turns,A,MODEL_OUTPUT_ERROR,none,CONTROLLED_RERUN_UNCHANGED_METHOD,Rejected evidence was not an exact substring of its cited admissible turn; frozen prompt explicitly requires supporting evidence copied from cited turns.
CASE_DBFC2CC31FE4,validation_failed,complete,FGF_17336e89a208b0c023248a57,2024-03-20T20:23:14.283596+00:00,validation_failed,ValueError: Pass 2 evidence is not attributable to its cited turns,A,MODEL_OUTPUT_ERROR,none,CONTROLLED_RERUN_UNCHANGED_METHOD,Rejected evidence was not an exact substring of its cited admissible turn; frozen prompt explicitly requires supporting evidence copied from cited turns.
CASE_488C3B9CF30B,pending_controlled_resolution,complete,FGF_171457f1e46b2c8880b408a6,2023-12-21T01:53:07.162863+00:00,validation_failed,ValueError: Pass 2 evidence is not attributable to its cited turns,A,MODEL_OUTPUT_ERROR,one controlled rerun failed before model response with APIConnectionError,CONTROLLED_RERUN_UNCHANGED_METHOD,Rejected evidence was not an exact substring of its cited admissible turn; frozen prompt explicitly requires supporting evidence copied from cited turns.
CASE_F9321AC6C899,pending_controlled_resolution,complete,FGF_d66d4c8b78cf7fee113bed1f,2023-11-15T01:41:12.713265+00:00,validation_failed,ValueError: Pass 2 evidence is not attributable to its cited turns,A,MODEL_OUTPUT_ERROR,one controlled rerun failed before model response with APIConnectionError,CONTROLLED_RERUN_UNCHANGED_METHOD,Rejected evidence was not an exact substring of its cited admissible turn; frozen prompt explicitly requires supporting evidence copied from cited turns.
CASE_51918C8EB470,validation_failed,complete,FGF_0f5dc439b40f9a9ef53c4d4b,2024-01-23T12:24:50.573525+00:00,validation_failed,ValueError: Pass 2 item provenance is incomplete,F,VALIDATOR_CONTRACT_MISMATCH,none,IMPLEMENTATION_CONTRACT_REVIEW_REQUIRED,"Rejected item cited multiple turns but supplied fewer roles; validator requires equal array cardinality, while schema and prompt do not explicitly define parallel-array cardinality."
CASE_CE6B20EEAAB5,validation_failed,complete,FGF_ce239c9ddcb34ac696533320,2024-04-20T03:55:44.695452+00:00,validation_failed,ValueError: Pass 2 item provenance is incomplete,F,VALIDATOR_CONTRACT_MISMATCH,none,IMPLEMENTATION_CONTRACT_REVIEW_REQUIRED,"Rejected item cited multiple turns but supplied fewer roles; validator requires equal array cardinality, while schema and prompt do not explicitly define parallel-array cardinality."
CASE_F7BED13B8119,validation_failed,complete,FGF_45d70cf54a4f7fec5f8e02a3,2023-07-15T21:55:31.086959+00:00,validation_failed,ValueError: Pass 2 item provenance is incomplete,F,VALIDATOR_CONTRACT_MISMATCH,none,IMPLEMENTATION_CONTRACT_REVIEW_REQUIRED,"Rejected item cited multiple turns but supplied fewer roles; validator requires equal array cardinality, while schema and prompt do not explicitly define parallel-array cardinality."
CASE_27C861787A74,pending_controlled_resolution,complete,FGF_ef80e0be9cdeed7a3a7a74c0,2023-10-28T10:06:46.864967+00:00,validation_failed,ValueError: Pass 2 item provenance is incomplete,F,VALIDATOR_CONTRACT_MISMATCH,one controlled rerun failed before model response with APIConnectionError,IMPLEMENTATION_CONTRACT_REVIEW_REQUIRED,"Rejected item cited multiple turns but supplied fewer roles; validator requires equal array cardinality, while schema and prompt do not explicitly define parallel-array cardinality."
CASE_414279E8C348,scientifically_unresolved,unresolved,,,not_run,,not_applicable,not_applicable,none,ACCEPT_EXISTING_SCIENTIFIC_UNRESOLVED,"Pass 1 unresolved: every candidate was a verbatim excerpt of user-supplied Metal kernel code, so no newly generated family, boundary, or tFG was established; Pass 2 correctly did not run."
CASE_718BCF5AB319,scientifically_unresolved,complete,FGF_b5007b8483c25a9472135926,2024-03-26T19:10:04.091966+00:00,unresolved,,not_applicable,not_applicable,none,HUMAN_ADJUDICATION_REQUIRED,"Pass 1 completed and Pass 2 returned validated C/S/V with status unresolved, but the Pass 2 failure_reason is not persisted in the canonical record, preventing an exact offline explanation."
CASE_A0C5FC961ECD,scientifically_unresolved,complete,FGF_ceacbf7a8daf3a542cee9efc,2023-07-17T12:18:23.081407+00:00,unresolved,,not_applicable,not_applicable,none,HUMAN_ADJUDICATION_REQUIRED,"Pass 1 completed and Pass 2 returned validated C/S/V with status unresolved, but the Pass 2 failure_reason is not persisted in the canonical record, preventing an exact offline explanation."
