case_id,class,migration_category,planned_order,planned_status,run_id,output_file,human_audit_status,notes
CASE_414279E8C348,PN,recovered_zero,1,unresolved,canonical_v5_20261001T082948Z,stage_c_extraction_v5.json,accepted,Accepted scientifically unresolved result: V2 candidates reproduce or excerpt developer-supplied Metal code; no generated first-family boundary or tFG established.
CASE_31B64CD9DDDB,PA,recovered_zero,2,complete,canonical_v5_20261001T083642Z,stage_c_extraction_v5.json,accepted,Accepted first response-local family: the initial CSS 16px form-control approach; later same-response alternatives excluded from artifact_refs.
CASE_2BAC9476B7B1,PN,recovered_zero,3,complete,canonical_v5_20261001T083702Z,stage_c_extraction_v5.json,accepted,"Accepted coherent five-artifact turn_000003 YARP setup workflow spanning project creation, package install, middleware, JSON routing, and execution."
CASE_27C861787A74,PA,recovered_zero,4,failed,recovered_zero_retry_01,stage_c_extraction_v5_recovered_zero_retry_01.json,rejected,Canonical attempt failed Pass 2 because item provenance was incomplete. One controlled rerun under the unchanged extraction procedure failed at Pass 1 API invocation with APIConnectionError before a model response; no second rerun performed. REJECT_AFTER_CONTROLLED_RERUN.
CASE_0CE9E03556F1,PN,recovered_zero,5,complete,canonical_v5_20261001T084322Z,stage_c_extraction_v5.json,accepted,Accepted the seven-command response-local Git rebase workflow; boundary and C/S/V provenance validated.
CASE_1C3B62857D19,PA,recovered_zero,6,complete,canonical_v5_20261001T084335Z,stage_c_extraction_v5.json,accepted,Accepted the PyGithub installation-and-script family; boundary and C/S/V provenance validated.
CASE_3E10D31BBE69,PN,recovered_zero,7,complete,canonical_v5_20261001T084348Z,stage_c_extraction_v5.json,accepted,Accepted the first response-local cross-language equality-assertion family; later-response candidates excluded.
CASE_3E3A525883BA,PA,recovered_zero,8,complete,canonical_v5_20261001T084359Z,stage_c_extraction_v5.json,accepted,Accepted the three-candidate Zod-branded time-unit family; boundary and C/S/V provenance validated.
CASE_43E88314E461,PN,recovered_zero,9,complete,canonical_v5_20261001T084411Z,stage_c_extraction_v5.json,accepted,Accepted the Docusaurus base-URL and redirect family; boundary and C/S/V provenance validated.
CASE_488C3B9CF30B,PN,recovered_zero,10,failed,recovered_zero_retry_01,stage_c_extraction_v5_recovered_zero_retry_01.json,rejected,Canonical attempt failed Pass 2 because evidence was not textually attributable. One controlled rerun under the unchanged extraction procedure failed at Pass 1 API invocation with APIConnectionError before a model response; no second rerun performed. REJECT_AFTER_CONTROLLED_RERUN.
CASE_5FC257622E18,PN,recovered_zero,11,complete,canonical_v5_20261001T084444Z,stage_c_extraction_v5.json,accepted,Accepted the seven-command Git rebase workflow; boundary and C/S/V provenance validated.
CASE_6DA0F9615A57,PA,recovered_zero,12,complete,canonical_v5_20261001T084454Z,stage_c_extraction_v5.json,accepted,Accepted the two-snippet Spring transaction rollback family; boundary and C/S/V provenance validated.
CASE_72448D73D60F,PN,recovered_zero,13,complete,canonical_v5_20261001T084504Z,stage_c_extraction_v5.json,accepted,Accepted the four-command Git rename workflow; boundary and C/S/V provenance validated.
CASE_74FE6518B1D8,PN,recovered_zero,14,complete,canonical_v5_20261001T084516Z,stage_c_extraction_v5.json,accepted,Accepted the four-example JavaScript import family; boundary and C/S/V provenance validated.
CASE_77D26276DFFD,PN,recovered_zero,15,complete,canonical_v5_20261001T084525Z,stage_c_extraction_v5.json,accepted,Accepted the first response-local four-command rebase workflow; later alternative workflows excluded.
CASE_978B83E2DF72,PA,recovered_zero,16,complete,canonical_v5_20261001T084535Z,stage_c_extraction_v5.json,accepted,Accepted the first response-local three-snippet one-time LiveData event family; later refinement excluded.
CASE_B9E914A3762C,PN,recovered_zero,17,complete,canonical_v5_20261001T084547Z,stage_c_extraction_v5.json,accepted,Accepted the HTML form and JavaScript submit-handler family; boundary and C/S/V provenance validated.
CASE_BD187BC12672,PN,recovered_zero,18,complete,canonical_v5_20261001T084555Z,stage_c_extraction_v5.json,accepted,Accepted the four-candidate Probot formatting-bot workflow; boundary and C/S/V provenance validated.
CASE_D52C7AE8E2E7,PN,recovered_zero,19,complete,canonical_v5_20261001T084607Z,stage_c_extraction_v5.json,accepted,Accepted the two-declaration Go alias-versus-defined-type family; boundary and C/S/V provenance validated.
CASE_F9321AC6C899,PN,recovered_zero,20,failed,recovered_zero_retry_01,stage_c_extraction_v5_recovered_zero_retry_01.json,rejected,Canonical attempt failed Pass 2 because evidence was not textually attributable. One controlled rerun under the unchanged extraction procedure failed at Pass 1 API invocation with APIConnectionError before a model response; no second rerun performed. REJECT_AFTER_CONTROLLED_RERUN.
CASE_FAA2BE1ADE1A,PN,recovered_zero,21,complete,canonical_v5_20261001T084634Z,stage_c_extraction_v5.json,accepted,Accepted the five-candidate Bundler dependency-update workflow; boundary and C/S/V provenance validated.
