case_id,original_stage_c_disposition,original_extraction_version,original_output_path,resolution_procedure,resolution_execution_version,resolution_run_id,pass_1_stability,resolution_result,authoritative_resolution_candidate,human_audit_status,family_id,tFG,context_count,specificity_count,verification_count,validation_result,remaining_review_required,notes
CASE_51918C8EB470,validation_failed,conversation-extraction-v5,cases/conversations/CASE_51918C8EB470/stage_c_extraction_v5.json,versioned_v6_contract_reexecution,conversation-extraction-v6,canonical_v6_resolution_01,stable,VALIDATION_FAILED_AGAIN,,not_applicable,FGF_0f5dc439b40f9a9ef53c4d4b,2024-01-23T12:24:50.573525+00:00,0,0,0,failed,true,Pass 1 matched the historical v5 attempt; v6 Pass 2 again failed exact evidence attribution.
CASE_CE6B20EEAAB5,validation_failed,conversation-extraction-v5,cases/conversations/CASE_CE6B20EEAAB5/stage_c_extraction_v5.json,versioned_v6_contract_reexecution,conversation-extraction-v6,canonical_v6_resolution_01,stable,ACCEPT_V6_REEXECUTION,cases/conversations/CASE_CE6B20EEAAB5/stage_c_extraction_v6.json,not_applicable,FGF_ce239c9ddcb34ac696533320,2024-04-20T03:55:44.695452+00:00,5,3,3,validated,false,Pass 1 matched the historical v5 attempt; v6 Pass 2 validated.
CASE_F7BED13B8119,validation_failed,conversation-extraction-v5,cases/conversations/CASE_F7BED13B8119/stage_c_extraction_v5.json,versioned_v6_contract_reexecution,conversation-extraction-v6,canonical_v6_resolution_01,stable,ACCEPT_V6_REEXECUTION,cases/conversations/CASE_F7BED13B8119/stage_c_extraction_v6.json,not_applicable,FGF_45d70cf54a4f7fec5f8e02a3,2023-07-15T21:55:31.086959+00:00,8,4,2,validated,false,Pass 1 matched the historical v5 attempt; v6 Pass 2 validated.
CASE_27C861787A74,pending_controlled_resolution,conversation-extraction-v5,cases/conversations/CASE_27C861787A74/stage_c_extraction_v5.json,versioned_v6_contract_reexecution,conversation-extraction-v6,canonical_v6_resolution_01,stable,VALIDATION_FAILED_AGAIN,,not_applicable,FGF_ef80e0be9cdeed7a3a7a74c0,2023-10-28T10:06:46.864967+00:00,0,0,0,failed,true,Pass 1 matched the historical v5 attempt; v6 Pass 2 again failed exact evidence attribution.
CASE_091B52A05DEF,validation_failed,conversation-extraction-v5,cases/conversations/CASE_091B52A05DEF/stage_c_extraction_v5.json,unchanged_v5_controlled_rerun,conversation-extraction-v5,post_c_resolution_v5_retry_01,stable,ACCEPT_V5_CONTROLLED_RERUN,cases/conversations/CASE_091B52A05DEF/stage_c_extraction_v5_post_c_resolution_v5_retry_01.json,not_applicable,FGF_491465641d825d9e743d433f,2023-11-14T21:50:49.315735+00:00,2,1,1,validated,false,Pass 1 matched the original attempt; controlled Pass 2 validated.
CASE_31385155F1C4,validation_failed,conversation-extraction-v5,cases/conversations/CASE_31385155F1C4/stage_c_extraction_v5.json,unchanged_v5_controlled_rerun,conversation-extraction-v5,post_c_resolution_v5_retry_01,stable,VALIDATION_FAILED_AGAIN,,not_applicable,FGF_a5cf2c41079a91f70bc88ada,2024-05-03T21:03:35.069404+00:00,0,0,0,failed,true,Pass 1 matched the original attempt; controlled Pass 2 failed deterministic provenance validation again.
CASE_435C36453469,validation_failed,conversation-extraction-v5,cases/conversations/CASE_435C36453469/stage_c_extraction_v5.json,unchanged_v5_controlled_rerun,conversation-extraction-v5,post_c_resolution_v5_retry_01,stable,VALIDATION_FAILED_AGAIN,,not_applicable,FGF_1f48802b5a6876a167cfcc60,2023-06-21T21:09:18.276651+00:00,0,0,0,failed,true,Pass 1 matched the original attempt; controlled Pass 2 failed deterministic provenance validation again.
CASE_6D67A6A3F752,validation_failed,conversation-extraction-v5,cases/conversations/CASE_6D67A6A3F752/stage_c_extraction_v5.json,unchanged_v5_controlled_rerun,conversation-extraction-v5,post_c_resolution_v5_retry_01,stable,VALIDATION_FAILED_AGAIN,,not_applicable,FGF_78a35d04d45fa56b39c88820,2023-06-29T06:18:40.890345+00:00,0,0,0,failed,true,Pass 1 matched the original attempt; controlled Pass 2 failed deterministic provenance validation again.
CASE_7EA4C03D1DDC,validation_failed,conversation-extraction-v5,cases/conversations/CASE_7EA4C03D1DDC/stage_c_extraction_v5.json,unchanged_v5_controlled_rerun,conversation-extraction-v5,post_c_resolution_v5_retry_01,stable,VALIDATION_FAILED_AGAIN,,not_applicable,FGF_cdea4cb9ea9c8c953df62bbf,2023-06-04T12:49:36.209461+00:00,0,0,0,failed,true,Pass 1 matched the original attempt; controlled Pass 2 failed deterministic provenance validation again.
CASE_DBFC2CC31FE4,validation_failed,conversation-extraction-v5,cases/conversations/CASE_DBFC2CC31FE4/stage_c_extraction_v5.json,unchanged_v5_controlled_rerun,conversation-extraction-v5,post_c_resolution_v5_retry_01,stable,ACCEPT_V5_CONTROLLED_RERUN,cases/conversations/CASE_DBFC2CC31FE4/stage_c_extraction_v5_post_c_resolution_v5_retry_01.json,not_applicable,FGF_17336e89a208b0c023248a57,2024-03-20T20:23:14.283596+00:00,2,1,1,validated,false,Pass 1 matched the original attempt; controlled Pass 2 validated.
CASE_488C3B9CF30B,pending_controlled_resolution,conversation-extraction-v5,cases/conversations/CASE_488C3B9CF30B/stage_c_extraction_v5.json,unchanged_v5_controlled_rerun,conversation-extraction-v5,post_c_resolution_v5_retry_01,stable,VALIDATION_FAILED_AGAIN,,not_applicable,FGF_171457f1e46b2c8880b408a6,2023-12-21T01:53:07.162863+00:00,0,0,0,failed,true,Pass 1 matched the original attempt; controlled Pass 2 failed deterministic provenance validation again.
CASE_F9321AC6C899,pending_controlled_resolution,conversation-extraction-v5,cases/conversations/CASE_F9321AC6C899/stage_c_extraction_v5.json,unchanged_v5_controlled_rerun,conversation-extraction-v5,post_c_resolution_v5_retry_01,stable,VALIDATION_FAILED_AGAIN,,not_applicable,FGF_d66d4c8b78cf7fee113bed1f,2023-11-15T01:41:12.713265+00:00,0,0,0,failed,true,Pass 1 matched the original attempt; controlled Pass 2 failed deterministic provenance validation again.
CASE_414279E8C348,scientifically_unresolved,conversation-extraction-v5,cases/conversations/CASE_414279E8C348/stage_c_extraction_v5.json,retain_existing_scientific_unresolved,conversation-extraction-v5,none,not_rerun,SCIENTIFICALLY_UNRESOLVED,cases/conversations/CASE_414279E8C348/stage_c_extraction_v5.json,accepted_existing_unresolved,,,0,0,0,validated,false,Existing Pass 1 unresolved result retained: candidates reproduce developer-supplied code and no generated family or tFG was established.
CASE_718BCF5AB319,scientifically_unresolved,conversation-extraction-v5,cases/conversations/CASE_718BCF5AB319/stage_c_extraction_v5.json,offline_human_adjudication,conversation-extraction-v5,none,not_rerun,HUMAN_ADJUDICATION_INSUFFICIENT,,insufficient_existing_provenance,FGF_b5007b8483c25a9472135926,2024-03-26T19:10:04.091966+00:00,3,2,2,validated,true,"Existing C/S/V validates, but the non-complete Pass 2 failure_reason was not persisted; no reason was reconstructed or invented."
CASE_A0C5FC961ECD,scientifically_unresolved,conversation-extraction-v5,cases/conversations/CASE_A0C5FC961ECD/stage_c_extraction_v5.json,offline_human_adjudication,conversation-extraction-v5,none,not_rerun,HUMAN_ADJUDICATION_INSUFFICIENT,,insufficient_existing_provenance,FGF_ceacbf7a8daf3a542cee9efc,2023-07-17T12:18:23.081407+00:00,0,1,0,validated,true,"Existing C/S/V validates, but the non-complete Pass 2 failure_reason was not persisted; no reason was reconstructed or invented."
