case_id,stage_b_ready,original_stage_c_disposition,resolution_required,resolution_procedure,resolution_result,stage_c_processability_status,authoritative_record_version,authoritative_record_path,family_id,tFG,context_count,specificity_count,verification_count,authority_basis,unresolved_or_failure_reason,eligible_for_post_c_scientific_resolution,notes
CASE_091B52A05DEF,true,validation_failed,true,unchanged_v5_controlled_rerun,ACCEPT_V5_CONTROLLED_RERUN,processable,conversation-extraction-v5,cases/conversations/CASE_091B52A05DEF/stage_c_extraction_v5_post_c_resolution_v5_retry_01.json,FGF_491465641d825d9e743d433f,2023-11-14T21:50:49.315735+00:00,2,1,1,validated_resolution_record;stable_pass1;offline_record_prefix_and_provenance_revalidation,,true,Stage C processable only; final scientific eligibility is not determined.
CASE_0C81DAE6280D,true,complete_validated,false,not_required,NOT_REQUIRED_ORIGINAL_VALIDATED,processable,conversation-extraction-v5,cases/conversations/CASE_0C81DAE6280D/stage_c_extraction_v5.json,FGF_0aa20e7f21b7a6b31d991886,2023-07-31T15:37:00.377631+00:00,1,1,0,original_complete_validated_record;offline_record_prefix_and_provenance_revalidation,,true,Stage C processable only; final scientific eligibility is not determined.
CASE_0CE9E03556F1,true,complete_validated,false,not_required,NOT_REQUIRED_ORIGINAL_VALIDATED,processable,conversation-extraction-v5,cases/conversations/CASE_0CE9E03556F1/stage_c_extraction_v5.json,FGF_6718a7ffd9ab3ea5837c6def,2023-06-15T12:00:33.229427+00:00,3,1,1,original_complete_validated_record;offline_record_prefix_and_provenance_revalidation,,true,Stage C processable only; final scientific eligibility is not determined.
CASE_0ECE0C32A4BB,true,complete_validated,false,not_required,NOT_REQUIRED_ORIGINAL_VALIDATED,processable,conversation-extraction-v5,cases/conversations/CASE_0ECE0C32A4BB/stage_c_extraction_v5.json,FGF_fadc124764d3480adf3f2dd9,2024-03-04T09:15:38.260049+00:00,1,1,0,original_complete_validated_record;offline_record_prefix_and_provenance_revalidation,,true,Stage C processable only; final scientific eligibility is not determined.
CASE_1754D5BAEC54,true,complete_validated,false,not_required,NOT_REQUIRED_ORIGINAL_VALIDATED,processable,conversation-extraction-v5,cases/conversations/CASE_1754D5BAEC54/stage_c_extraction_v5.json,FGF_0580eff45c06f511c8572801,2023-07-15T05:09:56.392897+00:00,3,1,0,original_complete_validated_record;offline_record_prefix_and_provenance_revalidation,,true,Stage C processable only; final scientific eligibility is not determined.
CASE_179B36843FBE,true,complete_validated,false,not_required,NOT_REQUIRED_ORIGINAL_VALIDATED,processable,conversation-extraction-v5,cases/conversations/CASE_179B36843FBE/stage_c_extraction_v5.json,FGF_768933aaba0fe765a583e905,2023-07-24T07:18:17.145534+00:00,1,1,0,original_complete_validated_record;offline_record_prefix_and_provenance_revalidation,,true,Stage C processable only; final scientific eligibility is not determined.
CASE_188C69620856,true,complete_validated,false,not_required,NOT_REQUIRED_ORIGINAL_VALIDATED,processable,conversation-extraction-v5,cases/conversations/CASE_188C69620856/stage_c_extraction_v5.json,FGF_7fbd13c864cf23c9958c9708,2024-02-08T04:42:19.499871+00:00,1,1,0,original_complete_validated_record;offline_record_prefix_and_provenance_revalidation,,true,Stage C processable only; final scientific eligibility is not determined.
CASE_193801513E85,true,complete_validated,false,not_required,NOT_REQUIRED_ORIGINAL_VALIDATED,processable,conversation-extraction-v5,cases/conversations/CASE_193801513E85/stage_c_extraction_v5.json,FGF_ba285eee3f5b85c8932ac09b,2023-09-16T11:14:32.846018+00:00,5,4,3,original_complete_validated_record;offline_record_prefix_and_provenance_revalidation,,true,Stage C processable only; final scientific eligibility is not determined.
CASE_194F3A461B65,true,complete_validated,false,not_required,NOT_REQUIRED_ORIGINAL_VALIDATED,processable,conversation-extraction-v5,cases/conversations/CASE_194F3A461B65/stage_c_extraction_v5.json,FGF_621b8f1c8cc890a39cedc23f,2024-02-18T18:17:35.190572+00:00,2,2,1,original_complete_validated_record;offline_record_prefix_and_provenance_revalidation,,true,Stage C processable only; final scientific eligibility is not determined.
CASE_1A72A70C88B5,true,complete_validated,false,not_required,NOT_REQUIRED_ORIGINAL_VALIDATED,processable,conversation-extraction-v5,cases/conversations/CASE_1A72A70C88B5/stage_c_extraction_v5.json,FGF_8e53e8bad39efa09e96c5232,2024-02-14T00:08:46.581968+00:00,2,1,1,original_complete_validated_record;offline_record_prefix_and_provenance_revalidation,,true,Stage C processable only; final scientific eligibility is not determined.
CASE_1C3B62857D19,true,complete_validated,false,not_required,NOT_REQUIRED_ORIGINAL_VALIDATED,processable,conversation-extraction-v5,cases/conversations/CASE_1C3B62857D19/stage_c_extraction_v5.json,FGF_f09c166c00919f38bc5135c1,2024-01-15T00:03:53.295269+00:00,1,1,0,original_complete_validated_record;offline_record_prefix_and_provenance_revalidation,,true,Stage C processable only; final scientific eligibility is not determined.
CASE_1FEA1F5DE7C1,true,complete_validated,false,not_required,NOT_REQUIRED_ORIGINAL_VALIDATED,processable,conversation-extraction-v5,cases/conversations/CASE_1FEA1F5DE7C1/stage_c_extraction_v5.json,FGF_6dc1866c8d0d0ee67dd68446,2024-04-16T11:15:01.694532+00:00,1,1,0,original_complete_validated_record;offline_record_prefix_and_provenance_revalidation,,true,Stage C processable only; final scientific eligibility is not determined.
CASE_21DFA2A0B7DA,true,complete_validated,false,not_required,NOT_REQUIRED_ORIGINAL_VALIDATED,processable,conversation-extraction-v5,cases/conversations/CASE_21DFA2A0B7DA/stage_c_extraction_v5.json,FGF_d1b38bee049b2a5cd0149be1,2023-06-06T13:54:25.318481+00:00,1,1,0,original_complete_validated_record;offline_record_prefix_and_provenance_revalidation,,true,Stage C processable only; final scientific eligibility is not determined.
CASE_26F615E94B29,true,complete_validated,false,not_required,NOT_REQUIRED_ORIGINAL_VALIDATED,processable,conversation-extraction-v5,cases/conversations/CASE_26F615E94B29/stage_c_extraction_v5.json,FGF_48a633867c0001070600ef10,2023-10-02T18:17:19.796546+00:00,2,2,1,original_complete_validated_record;offline_record_prefix_and_provenance_revalidation,,true,Stage C processable only; final scientific eligibility is not determined.
CASE_27C861787A74,true,pending_controlled_resolution,true,versioned_v6_contract_reexecution,VALIDATION_FAILED_AGAIN,processability_failed,,,,,0,0,0,no_authoritative_stage_c_extraction,repeated_pass2_evidence_attribution_failure,false,Rejected Pass 2 C/S/V remains non-authoritative; no further rerun authorized.
CASE_298A455FBBD8,true,complete_validated,false,not_required,NOT_REQUIRED_ORIGINAL_VALIDATED,processable,conversation-extraction-v5,cases/conversations/CASE_298A455FBBD8/stage_c_extraction_v5.json,FGF_ee6a3ffa69844249f00a7f41,2024-02-09T05:53:05.925557+00:00,5,3,1,original_complete_validated_record;offline_record_prefix_and_provenance_revalidation,,true,Stage C processable only; final scientific eligibility is not determined.
CASE_2ABF4A57FD48,true,complete_validated,false,not_required,NOT_REQUIRED_ORIGINAL_VALIDATED,processable,conversation-extraction-v5,cases/conversations/CASE_2ABF4A57FD48/stage_c_extraction_v5.json,FGF_faeac53560e5d04399bc11fa,2023-07-17T11:32:28.751245+00:00,0,1,0,original_complete_validated_record;offline_record_prefix_and_provenance_revalidation,,true,Stage C processable only; final scientific eligibility is not determined.
CASE_2BAC9476B7B1,true,complete_validated,false,not_required,NOT_REQUIRED_ORIGINAL_VALIDATED,processable,conversation-extraction-v5,cases/conversations/CASE_2BAC9476B7B1/stage_c_extraction_v5.json,FGF_e01bf1bc654112c019e7e5cc,2023-07-26T18:13:07.971202+00:00,1,1,0,original_complete_validated_record;offline_record_prefix_and_provenance_revalidation,,true,Stage C processable only; final scientific eligibility is not determined.
CASE_2D5D7C7DC776,true,complete_validated,false,not_required,NOT_REQUIRED_ORIGINAL_VALIDATED,processable,conversation-extraction-v5,cases/conversations/CASE_2D5D7C7DC776/stage_c_extraction_v5.json,FGF_aa22481a1664087b2ca98375,2024-04-21T03:56:24.373903+00:00,1,1,0,original_complete_validated_record;offline_record_prefix_and_provenance_revalidation,,true,Stage C processable only; final scientific eligibility is not determined.
CASE_2EE7F39A770C,true,complete_validated,false,not_required,NOT_REQUIRED_ORIGINAL_VALIDATED,processable,conversation-extraction-v5,cases/conversations/CASE_2EE7F39A770C/stage_c_extraction_v5.json,FGF_848ae1b7b8d2c1f5b2949600,2023-06-27T10:44:59.407016+00:00,1,2,1,original_complete_validated_record;offline_record_prefix_and_provenance_revalidation,,true,Stage C processable only; final scientific eligibility is not determined.
CASE_31385155F1C4,true,validation_failed,true,unchanged_v5_controlled_rerun,VALIDATION_FAILED_AGAIN,processability_failed,,,,,0,0,0,no_authoritative_stage_c_extraction,repeated_pass2_evidence_attribution_failure,false,Rejected Pass 2 C/S/V remains non-authoritative; no further rerun authorized.
CASE_31B64CD9DDDB,true,complete_validated,false,not_required,NOT_REQUIRED_ORIGINAL_VALIDATED,processable,conversation-extraction-v5,cases/conversations/CASE_31B64CD9DDDB/stage_c_extraction_v5.json,FGF_0834ca4c2f1c61511bc5982c,2023-12-18T22:52:27.760544+00:00,1,1,1,original_complete_validated_record;offline_record_prefix_and_provenance_revalidation,,true,Stage C processable only; final scientific eligibility is not determined.
CASE_34CAAE296942,true,complete_validated,false,not_required,NOT_REQUIRED_ORIGINAL_VALIDATED,processable,conversation-extraction-v5,cases/conversations/CASE_34CAAE296942/stage_c_extraction_v5.json,FGF_577c2fb9b480381e854c21ce,2023-08-24T17:33:46.236043+00:00,4,3,10,original_complete_validated_record;offline_record_prefix_and_provenance_revalidation,,true,Stage C processable only; final scientific eligibility is not determined.
CASE_34D14D6B0BB7,true,complete_validated,false,not_required,NOT_REQUIRED_ORIGINAL_VALIDATED,processable,conversation-extraction-v5,cases/conversations/CASE_34D14D6B0BB7/stage_c_extraction_v5.json,FGF_5e192cc9bfbff86a36032596,2023-10-09T17:53:50.509201+00:00,1,4,1,original_complete_validated_record;offline_record_prefix_and_provenance_revalidation,,true,Stage C processable only; final scientific eligibility is not determined.
CASE_36570F50AD25,true,complete_validated,false,not_required,NOT_REQUIRED_ORIGINAL_VALIDATED,processable,conversation-extraction-v5,cases/conversations/CASE_36570F50AD25/stage_c_extraction_v5.json,FGF_2302e0dce112894d8126afbb,2023-12-13T11:36:34.939884+00:00,1,1,0,original_complete_validated_record;offline_record_prefix_and_provenance_revalidation,,true,Stage C processable only; final scientific eligibility is not determined.
CASE_36ED555D6DE4,true,complete_validated,false,not_required,NOT_REQUIRED_ORIGINAL_VALIDATED,processable,conversation-extraction-v5,cases/conversations/CASE_36ED555D6DE4/stage_c_extraction_v5.json,FGF_1e032351bf994e6f0381ecd6,2023-08-21T13:20:58.574449+00:00,2,1,0,original_complete_validated_record;offline_record_prefix_and_provenance_revalidation,,true,Stage C processable only; final scientific eligibility is not determined.
CASE_3A639B473AED,true,complete_validated,false,not_required,NOT_REQUIRED_ORIGINAL_VALIDATED,processable,conversation-extraction-v5,cases/conversations/CASE_3A639B473AED/stage_c_extraction_v5.json,FGF_0252c8a403f026b5c7cad502,2023-08-07T17:40:16.134775+00:00,5,1,0,original_complete_validated_record;offline_record_prefix_and_provenance_revalidation,,true,Stage C processable only; final scientific eligibility is not determined.
CASE_3D1C336B94C8,true,complete_validated,false,not_required,NOT_REQUIRED_ORIGINAL_VALIDATED,processable,conversation-extraction-v5,cases/conversations/CASE_3D1C336B94C8/stage_c_extraction_v5.json,FGF_e4d9e91133b49a6ce69e0a89,2023-07-19T20:01:20.995290+00:00,1,1,1,original_complete_validated_record;offline_record_prefix_and_provenance_revalidation,,true,Stage C processable only; final scientific eligibility is not determined.
CASE_3E10D31BBE69,true,complete_validated,false,not_required,NOT_REQUIRED_ORIGINAL_VALIDATED,processable,conversation-extraction-v5,cases/conversations/CASE_3E10D31BBE69/stage_c_extraction_v5.json,FGF_acdf043a9325c706f87e9008,2023-09-20T19:43:32.893493+00:00,1,1,0,original_complete_validated_record;offline_record_prefix_and_provenance_revalidation,,true,Stage C processable only; final scientific eligibility is not determined.
CASE_3E3A525883BA,true,complete_validated,false,not_required,NOT_REQUIRED_ORIGINAL_VALIDATED,processable,conversation-extraction-v5,cases/conversations/CASE_3E3A525883BA/stage_c_extraction_v5.json,FGF_c6564b63d89c8461897c97f7,2023-10-25T17:35:23.953244+00:00,2,2,1,original_complete_validated_record;offline_record_prefix_and_provenance_revalidation,,true,Stage C processable only; final scientific eligibility is not determined.
CASE_414279E8C348,true,scientifically_unresolved,true,retain_existing_scientific_unresolved,SCIENTIFICALLY_UNRESOLVED,scientifically_unresolved,,,,,0,0,0,no_authoritative_processable_stage_c_extraction,no_newly_generated_technical_content_family_developer_supplied_content_only,false,"Pass 1 established no newly generated family; no family, tFG, Pass 2, or C/S/V is authoritative."
CASE_435C36453469,true,validation_failed,true,unchanged_v5_controlled_rerun,VALIDATION_FAILED_AGAIN,processability_failed,,,,,0,0,0,no_authoritative_stage_c_extraction,repeated_pass2_evidence_attribution_failure,false,Rejected Pass 2 C/S/V remains non-authoritative; no further rerun authorized.
CASE_43E88314E461,true,complete_validated,false,not_required,NOT_REQUIRED_ORIGINAL_VALIDATED,processable,conversation-extraction-v5,cases/conversations/CASE_43E88314E461/stage_c_extraction_v5.json,FGF_375f6385b10a4138875ed0a7,2023-12-13T21:44:11.190978+00:00,2,1,1,original_complete_validated_record;offline_record_prefix_and_provenance_revalidation,,true,Stage C processable only; final scientific eligibility is not determined.
CASE_488C3B9CF30B,true,pending_controlled_resolution,true,unchanged_v5_controlled_rerun,VALIDATION_FAILED_AGAIN,processability_failed,,,,,0,0,0,no_authoritative_stage_c_extraction,repeated_pass2_evidence_attribution_failure,false,Rejected Pass 2 C/S/V remains non-authoritative; no further rerun authorized.
CASE_50556C8D545F,true,complete_validated,false,not_required,NOT_REQUIRED_ORIGINAL_VALIDATED,processable,conversation-extraction-v5,cases/conversations/CASE_50556C8D545F/stage_c_extraction_v5.json,FGF_d702475ae7d87b961889d97a,2023-10-23T20:10:13.700623+00:00,1,1,0,original_complete_validated_record;offline_record_prefix_and_provenance_revalidation,,true,Stage C processable only; final scientific eligibility is not determined.
CASE_51918C8EB470,true,validation_failed,true,versioned_v6_contract_reexecution,VALIDATION_FAILED_AGAIN,processability_failed,,,,,0,0,0,no_authoritative_stage_c_extraction,repeated_pass2_evidence_attribution_failure,false,Rejected Pass 2 C/S/V remains non-authoritative; no further rerun authorized.
CASE_522F0F296F37,true,complete_validated,false,not_required,NOT_REQUIRED_ORIGINAL_VALIDATED,processable,conversation-extraction-v5,cases/conversations/CASE_522F0F296F37/stage_c_extraction_v5.json,FGF_c211554c4f4948c9cc85ae6b,2023-07-21T13:02:53.574420+00:00,1,1,0,original_complete_validated_record;offline_record_prefix_and_provenance_revalidation,,true,Stage C processable only; final scientific eligibility is not determined.
CASE_59209E5F12FB,true,complete_validated,false,not_required,NOT_REQUIRED_ORIGINAL_VALIDATED,processable,conversation-extraction-v5,cases/conversations/CASE_59209E5F12FB/stage_c_extraction_v5.json,FGF_b7dcf704b05cc3820cd34ba3,2024-04-04T20:13:02.863768+00:00,4,1,1,original_complete_validated_record;offline_record_prefix_and_provenance_revalidation,,true,Stage C processable only; final scientific eligibility is not determined.
CASE_5A3A043A5011,true,complete_validated,false,not_required,NOT_REQUIRED_ORIGINAL_VALIDATED,processable,conversation-extraction-v5,cases/conversations/CASE_5A3A043A5011/stage_c_extraction_v5.json,FGF_11f134041d770eecbd370d4b,2023-08-13T08:05:30.672917+00:00,4,2,1,original_complete_validated_record;offline_record_prefix_and_provenance_revalidation,,true,Stage C processable only; final scientific eligibility is not determined.
CASE_5C203B1DBF11,true,complete_validated,false,not_required,NOT_REQUIRED_ORIGINAL_VALIDATED,processable,conversation-extraction-v5,cases/conversations/CASE_5C203B1DBF11/stage_c_extraction_v5.json,FGF_cf1ccac64f5d5e8eee72c453,2023-10-26T14:03:17.028444+00:00,1,1,0,original_complete_validated_record;offline_record_prefix_and_provenance_revalidation,,true,Stage C processable only; final scientific eligibility is not determined.
CASE_5D45BE40E95A,true,complete_validated,false,not_required,NOT_REQUIRED_ORIGINAL_VALIDATED,processable,conversation-extraction-v5,cases/conversations/CASE_5D45BE40E95A/stage_c_extraction_v5.json,FGF_dece21f3e888f68e800742df,2023-10-02T23:06:13.290606+00:00,4,1,0,original_complete_validated_record;offline_record_prefix_and_provenance_revalidation,,true,Stage C processable only; final scientific eligibility is not determined.
CASE_5FC257622E18,true,complete_validated,false,not_required,NOT_REQUIRED_ORIGINAL_VALIDATED,processable,conversation-extraction-v5,cases/conversations/CASE_5FC257622E18/stage_c_extraction_v5.json,FGF_9ecbbd7e8aa952c90a20e10b,2023-08-23T10:06:56.662222+00:00,0,1,0,original_complete_validated_record;offline_record_prefix_and_provenance_revalidation,,true,Stage C processable only; final scientific eligibility is not determined.
CASE_60CF5311F25C,true,complete_validated,false,not_required,NOT_REQUIRED_ORIGINAL_VALIDATED,processable,conversation-extraction-v5,cases/conversations/CASE_60CF5311F25C/stage_c_extraction_v5.json,FGF_7d915106dcc7efe4b0ef15bd,2023-09-29T00:41:23.258596+00:00,1,1,0,original_complete_validated_record;offline_record_prefix_and_provenance_revalidation,,true,Stage C processable only; final scientific eligibility is not determined.
CASE_6413F3DD2F91,true,complete_validated,false,not_required,NOT_REQUIRED_ORIGINAL_VALIDATED,processable,conversation-extraction-v5,cases/conversations/CASE_6413F3DD2F91/stage_c_extraction_v5.json,FGF_760dab56ef448f1d0c131758,2024-03-05T20:20:12.845274+00:00,1,1,1,original_complete_validated_record;offline_record_prefix_and_provenance_revalidation,,true,Stage C processable only; final scientific eligibility is not determined.
CASE_6C2918844CE5,true,complete_validated,false,not_required,NOT_REQUIRED_ORIGINAL_VALIDATED,processable,conversation-extraction-v5,cases/conversations/CASE_6C2918844CE5/stage_c_extraction_v5.json,FGF_49035a0764a03dd4bbf23e30,2023-11-14T20:33:19.478217+00:00,1,2,2,original_complete_validated_record;offline_record_prefix_and_provenance_revalidation,,true,Stage C processable only; final scientific eligibility is not determined.
CASE_6C65BC36BF60,true,complete_validated,false,not_required,NOT_REQUIRED_ORIGINAL_VALIDATED,processable,conversation-extraction-v5,cases/conversations/CASE_6C65BC36BF60/stage_c_extraction_v5.json,FGF_f78479a497ed3598d771c0b4,2024-04-12T18:22:14.741758+00:00,4,3,2,original_complete_validated_record;offline_record_prefix_and_provenance_revalidation,,true,Stage C processable only; final scientific eligibility is not determined.
CASE_6D67A6A3F752,true,validation_failed,true,unchanged_v5_controlled_rerun,VALIDATION_FAILED_AGAIN,processability_failed,,,,,0,0,0,no_authoritative_stage_c_extraction,repeated_pass2_evidence_attribution_failure,false,Rejected Pass 2 C/S/V remains non-authoritative; no further rerun authorized.
CASE_6DA0F9615A57,true,complete_validated,false,not_required,NOT_REQUIRED_ORIGINAL_VALIDATED,processable,conversation-extraction-v5,cases/conversations/CASE_6DA0F9615A57/stage_c_extraction_v5.json,FGF_37d293b10f567df6c6c9b5da,2023-07-12T10:56:20.468566+00:00,2,1,1,original_complete_validated_record;offline_record_prefix_and_provenance_revalidation,,true,Stage C processable only; final scientific eligibility is not determined.
CASE_6ECAEEE54BD9,true,complete_validated,false,not_required,NOT_REQUIRED_ORIGINAL_VALIDATED,processable,conversation-extraction-v5,cases/conversations/CASE_6ECAEEE54BD9/stage_c_extraction_v5.json,FGF_69e8828ab27716334f393408,2023-07-03T10:30:55.652206+00:00,1,1,0,original_complete_validated_record;offline_record_prefix_and_provenance_revalidation,,true,Stage C processable only; final scientific eligibility is not determined.
CASE_718BCF5AB319,true,scientifically_unresolved,true,offline_human_adjudication,HUMAN_ADJUDICATION_INSUFFICIENT,adjudication_insufficient,,,,,0,0,0,no_authoritative_processable_stage_c_extraction,historical_pass2_failure_reason_not_preserved,false,"Existing family, tFG, and validating C/S/V are retained as history but are not promoted without the missing Pass 2 failure reason."
CASE_72448D73D60F,true,complete_validated,false,not_required,NOT_REQUIRED_ORIGINAL_VALIDATED,processable,conversation-extraction-v5,cases/conversations/CASE_72448D73D60F/stage_c_extraction_v5.json,FGF_8ccb9c8959a9923177e93830,2023-11-16T02:13:13.571477+00:00,2,1,1,original_complete_validated_record;offline_record_prefix_and_provenance_revalidation,,true,Stage C processable only; final scientific eligibility is not determined.
CASE_7351FB1ECD56,true,complete_validated,false,not_required,NOT_REQUIRED_ORIGINAL_VALIDATED,processable,conversation-extraction-v5,cases/conversations/CASE_7351FB1ECD56/stage_c_extraction_v5.json,FGF_b47f48499a2415f5b894c3da,2023-06-05T08:19:36.723423+00:00,1,1,1,original_complete_validated_record;offline_record_prefix_and_provenance_revalidation,,true,Stage C processable only; final scientific eligibility is not determined.
CASE_74FE6518B1D8,true,complete_validated,false,not_required,NOT_REQUIRED_ORIGINAL_VALIDATED,processable,conversation-extraction-v5,cases/conversations/CASE_74FE6518B1D8/stage_c_extraction_v5.json,FGF_fc391bc0913a7b7676bbe644,2023-09-30T04:21:13.310784+00:00,0,1,0,original_complete_validated_record;offline_record_prefix_and_provenance_revalidation,,true,Stage C processable only; final scientific eligibility is not determined.
CASE_77BDD439B74B,true,complete_validated,false,not_required,NOT_REQUIRED_ORIGINAL_VALIDATED,processable,conversation-extraction-v5,cases/conversations/CASE_77BDD439B74B/stage_c_extraction_v5.json,FGF_3646e408aadd674e599ec258,2023-11-17T03:45:45.804530+00:00,1,1,0,original_complete_validated_record;offline_record_prefix_and_provenance_revalidation,,true,Stage C processable only; final scientific eligibility is not determined.
CASE_77D26276DFFD,true,complete_validated,false,not_required,NOT_REQUIRED_ORIGINAL_VALIDATED,processable,conversation-extraction-v5,cases/conversations/CASE_77D26276DFFD/stage_c_extraction_v5.json,FGF_ecef0467cbab813805ff006f,2023-12-20T08:05:37.270477+00:00,3,0,0,original_complete_validated_record;offline_record_prefix_and_provenance_revalidation,,true,Stage C processable only; final scientific eligibility is not determined.
CASE_7A2975A1686D,true,complete_validated,false,not_required,NOT_REQUIRED_ORIGINAL_VALIDATED,processable,conversation-extraction-v5,cases/conversations/CASE_7A2975A1686D/stage_c_extraction_v5.json,FGF_bac4f562405440af6d067d36,2023-06-27T23:34:36.584168+00:00,2,1,0,original_complete_validated_record;offline_record_prefix_and_provenance_revalidation,,true,Stage C processable only; final scientific eligibility is not determined.
CASE_7EA4C03D1DDC,true,validation_failed,true,unchanged_v5_controlled_rerun,VALIDATION_FAILED_AGAIN,processability_failed,,,,,0,0,0,no_authoritative_stage_c_extraction,repeated_pass2_evidence_attribution_failure,false,Rejected Pass 2 C/S/V remains non-authoritative; no further rerun authorized.
CASE_813B25949CF6,true,complete_validated,false,not_required,NOT_REQUIRED_ORIGINAL_VALIDATED,processable,conversation-extraction-v5,cases/conversations/CASE_813B25949CF6/stage_c_extraction_v5.json,FGF_91bae2f63418b77a9938ecaf,2023-11-25T03:00:40.760965+00:00,1,1,0,original_complete_validated_record;offline_record_prefix_and_provenance_revalidation,,true,Stage C processable only; final scientific eligibility is not determined.
CASE_82C8812C7E0F,true,complete_validated,false,not_required,NOT_REQUIRED_ORIGINAL_VALIDATED,processable,conversation-extraction-v5,cases/conversations/CASE_82C8812C7E0F/stage_c_extraction_v5.json,FGF_3958c3a6a11f0f944c040aed,2023-12-08T06:10:45.819429+00:00,1,1,0,original_complete_validated_record;offline_record_prefix_and_provenance_revalidation,,true,Stage C processable only; final scientific eligibility is not determined.
CASE_84DFC90D3698,true,complete_validated,false,not_required,NOT_REQUIRED_ORIGINAL_VALIDATED,processable,conversation-extraction-v5,cases/conversations/CASE_84DFC90D3698/stage_c_extraction_v5.json,FGF_1644230007799563341a97ad,2023-06-23T14:20:15.098399+00:00,2,3,3,original_complete_validated_record;offline_record_prefix_and_provenance_revalidation,,true,Stage C processable only; final scientific eligibility is not determined.
CASE_85AD863F8290,true,complete_validated,false,not_required,NOT_REQUIRED_ORIGINAL_VALIDATED,processable,conversation-extraction-v5,cases/conversations/CASE_85AD863F8290/stage_c_extraction_v5.json,FGF_42fa8297379b9956efbaaf98,2024-01-09T07:36:25.716598+00:00,4,2,2,original_complete_validated_record;offline_record_prefix_and_provenance_revalidation,,true,Stage C processable only; final scientific eligibility is not determined.
CASE_8A756AAC10B8,true,complete_validated,false,not_required,NOT_REQUIRED_ORIGINAL_VALIDATED,processable,conversation-extraction-v5,cases/conversations/CASE_8A756AAC10B8/stage_c_extraction_v5.json,FGF_b599612c546b96bdd65521f0,2024-01-24T12:29:52.633607+00:00,1,1,0,original_complete_validated_record;offline_record_prefix_and_provenance_revalidation,,true,Stage C processable only; final scientific eligibility is not determined.
CASE_8A8D4442D5EB,true,complete_validated,false,not_required,NOT_REQUIRED_ORIGINAL_VALIDATED,processable,conversation-extraction-v5,cases/conversations/CASE_8A8D4442D5EB/stage_c_extraction_v5.json,FGF_9670877139f8accad373f443,2023-07-11T07:30:18.953972+00:00,3,3,3,original_complete_validated_record;offline_record_prefix_and_provenance_revalidation,,true,Stage C processable only; final scientific eligibility is not determined.
CASE_91E13A588000,true,complete_validated,false,not_required,NOT_REQUIRED_ORIGINAL_VALIDATED,processable,conversation-extraction-v5,cases/conversations/CASE_91E13A588000/stage_c_extraction_v5.json,FGF_4e7703119bc974873cf4b1c2,2023-06-15T18:25:25.619340+00:00,1,1,0,original_complete_validated_record;offline_record_prefix_and_provenance_revalidation,,true,Stage C processable only; final scientific eligibility is not determined.
CASE_9213ACECEA46,true,complete_validated,false,not_required,NOT_REQUIRED_ORIGINAL_VALIDATED,processable,conversation-extraction-v5,cases/conversations/CASE_9213ACECEA46/stage_c_extraction_v5.json,FGF_b25cb95694fe58cefc78b664,2024-05-03T14:48:15.355598+00:00,1,1,0,original_complete_validated_record;offline_record_prefix_and_provenance_revalidation,,true,Stage C processable only; final scientific eligibility is not determined.
CASE_978B83E2DF72,true,complete_validated,false,not_required,NOT_REQUIRED_ORIGINAL_VALIDATED,processable,conversation-extraction-v5,cases/conversations/CASE_978B83E2DF72/stage_c_extraction_v5.json,FGF_fde7d182bef24d1d50cb0245,2023-11-23T04:34:55.099208+00:00,3,1,1,original_complete_validated_record;offline_record_prefix_and_provenance_revalidation,,true,Stage C processable only; final scientific eligibility is not determined.
CASE_97AFC2022473,true,complete_validated,false,not_required,NOT_REQUIRED_ORIGINAL_VALIDATED,processable,conversation-extraction-v5,cases/conversations/CASE_97AFC2022473/stage_c_extraction_v5.json,FGF_2a0f2d658e7491e347c69f8c,2023-12-13T16:35:54.603014+00:00,3,1,3,original_complete_validated_record;offline_record_prefix_and_provenance_revalidation,,true,Stage C processable only; final scientific eligibility is not determined.
CASE_98B41CACA483,true,complete_validated,false,not_required,NOT_REQUIRED_ORIGINAL_VALIDATED,processable,conversation-extraction-v5,cases/conversations/CASE_98B41CACA483/stage_c_extraction_v5.json,FGF_281c26e28e261196f35c9388,2023-09-02T12:57:57.488403+00:00,3,1,0,original_complete_validated_record;offline_record_prefix_and_provenance_revalidation,,true,Stage C processable only; final scientific eligibility is not determined.
CASE_99D45A6BFF86,true,complete_validated,false,not_required,NOT_REQUIRED_ORIGINAL_VALIDATED,processable,conversation-extraction-v5,cases/conversations/CASE_99D45A6BFF86/stage_c_extraction_v5.json,FGF_1403d6e000d98d7c1897e855,2023-07-17T10:36:56.582774+00:00,0,1,0,original_complete_validated_record;offline_record_prefix_and_provenance_revalidation,,true,Stage C processable only; final scientific eligibility is not determined.
CASE_9B31F94A6604,true,complete_validated,false,not_required,NOT_REQUIRED_ORIGINAL_VALIDATED,processable,conversation-extraction-v5,cases/conversations/CASE_9B31F94A6604/stage_c_extraction_v5.json,FGF_ef38a6b031473bc5068b902c,2023-06-01T02:12:42.148960+00:00,0,1,0,original_complete_validated_record;offline_record_prefix_and_provenance_revalidation,,true,Stage C processable only; final scientific eligibility is not determined.
CASE_9E4D3DF1CDB9,true,complete_validated,false,not_required,NOT_REQUIRED_ORIGINAL_VALIDATED,processable,conversation-extraction-v5,cases/conversations/CASE_9E4D3DF1CDB9/stage_c_extraction_v5.json,FGF_2ed1af79251af1c7598aafc0,2023-07-13T21:17:21.868937+00:00,0,1,0,original_complete_validated_record;offline_record_prefix_and_provenance_revalidation,,true,Stage C processable only; final scientific eligibility is not determined.
CASE_A0301CC135FC,true,complete_validated,false,not_required,NOT_REQUIRED_ORIGINAL_VALIDATED,processable,conversation-extraction-v5,cases/conversations/CASE_A0301CC135FC/stage_c_extraction_v5.json,FGF_08f9f44b1ec2d7c0656ff98c,2024-03-06T09:48:39.965068+00:00,1,2,1,original_complete_validated_record;offline_record_prefix_and_provenance_revalidation,,true,Stage C processable only; final scientific eligibility is not determined.
CASE_A0C5FC961ECD,true,scientifically_unresolved,true,offline_human_adjudication,HUMAN_ADJUDICATION_INSUFFICIENT,adjudication_insufficient,,,,,0,0,0,no_authoritative_processable_stage_c_extraction,historical_pass2_failure_reason_not_preserved,false,"Existing family, tFG, and validating C/S/V are retained as history but are not promoted without the missing Pass 2 failure reason."
CASE_A1DC1299D73A,true,complete_validated,false,not_required,NOT_REQUIRED_ORIGINAL_VALIDATED,processable,conversation-extraction-v5,cases/conversations/CASE_A1DC1299D73A/stage_c_extraction_v5.json,FGF_da60ea86e130c81f8a2965ec,2024-04-11T21:03:17.338142+00:00,3,2,1,original_complete_validated_record;offline_record_prefix_and_provenance_revalidation,,true,Stage C processable only; final scientific eligibility is not determined.
CASE_A33FC2CCCA9D,true,complete_validated,false,not_required,NOT_REQUIRED_ORIGINAL_VALIDATED,processable,conversation-extraction-v5,cases/conversations/CASE_A33FC2CCCA9D/stage_c_extraction_v5.json,FGF_6d124177e1b74ed432701f80,2023-09-15T23:10:11.107760+00:00,4,1,0,original_complete_validated_record;offline_record_prefix_and_provenance_revalidation,,true,Stage C processable only; final scientific eligibility is not determined.
CASE_A46532387B1B,true,complete_validated,false,not_required,NOT_REQUIRED_ORIGINAL_VALIDATED,processable,conversation-extraction-v5,cases/conversations/CASE_A46532387B1B/stage_c_extraction_v5.json,FGF_5a366b4353a68bf3c8879e30,2024-04-21T05:31:55.125883+00:00,1,2,1,original_complete_validated_record;offline_record_prefix_and_provenance_revalidation,,true,Stage C processable only; final scientific eligibility is not determined.
CASE_A48E956577BA,true,complete_validated,false,not_required,NOT_REQUIRED_ORIGINAL_VALIDATED,processable,conversation-extraction-v5,cases/conversations/CASE_A48E956577BA/stage_c_extraction_v5.json,FGF_e9930c5f9b478101a241ca5f,2023-12-07T16:27:18.728553+00:00,1,1,0,original_complete_validated_record;offline_record_prefix_and_provenance_revalidation,,true,Stage C processable only; final scientific eligibility is not determined.
CASE_A4CDC94D210B,true,complete_validated,false,not_required,NOT_REQUIRED_ORIGINAL_VALIDATED,processable,conversation-extraction-v5,cases/conversations/CASE_A4CDC94D210B/stage_c_extraction_v5.json,FGF_15d40c7bcb57ba6374e20f1e,2023-06-12T18:08:24.454929+00:00,1,2,2,original_complete_validated_record;offline_record_prefix_and_provenance_revalidation,,true,Stage C processable only; final scientific eligibility is not determined.
CASE_AADA2C787EEE,true,complete_validated,false,not_required,NOT_REQUIRED_ORIGINAL_VALIDATED,processable,conversation-extraction-v5,cases/conversations/CASE_AADA2C787EEE/stage_c_extraction_v5_aada_v2_retry_01.json,FGF_9fd4c65079a6bcc0948585b4,2023-07-17T12:56:44.032860+00:00,1,1,1,original_complete_validated_record;offline_record_prefix_and_provenance_revalidation,,true,Stage C processable only; final scientific eligibility is not determined.
CASE_AB42B2598A84,true,complete_validated,false,not_required,NOT_REQUIRED_ORIGINAL_VALIDATED,processable,conversation-extraction-v5,cases/conversations/CASE_AB42B2598A84/stage_c_extraction_v5.json,FGF_c910dcf1753c040ca84ea712,2024-01-08T11:48:53.299044+00:00,1,1,0,original_complete_validated_record;offline_record_prefix_and_provenance_revalidation,,true,Stage C processable only; final scientific eligibility is not determined.
CASE_AD8C4F13A90B,true,complete_validated,false,not_required,NOT_REQUIRED_ORIGINAL_VALIDATED,processable,conversation-extraction-v5,cases/conversations/CASE_AD8C4F13A90B/stage_c_extraction_v5.json,FGF_2904f39775d7eba9edbe27bd,2023-09-05T05:08:56.471521+00:00,1,1,1,original_complete_validated_record;offline_record_prefix_and_provenance_revalidation,,true,Stage C processable only; final scientific eligibility is not determined.
CASE_B0892F2A5485,true,complete_validated,false,not_required,NOT_REQUIRED_ORIGINAL_VALIDATED,processable,conversation-extraction-v5,cases/conversations/CASE_B0892F2A5485/stage_c_extraction_v5.json,FGF_d1441f4a26f3459e53f83624,2024-02-14T20:21:41.599236+00:00,4,3,2,original_complete_validated_record;offline_record_prefix_and_provenance_revalidation,,true,Stage C processable only; final scientific eligibility is not determined.
CASE_B0A21EE800C0,true,complete_validated,false,not_required,NOT_REQUIRED_ORIGINAL_VALIDATED,processable,conversation-extraction-v5,cases/conversations/CASE_B0A21EE800C0/stage_c_extraction_v5.json,FGF_7f25b39faaab06e5106c1c5c,2023-09-18T10:32:45.973662+00:00,1,1,1,original_complete_validated_record;offline_record_prefix_and_provenance_revalidation,,true,Stage C processable only; final scientific eligibility is not determined.
CASE_B27322676691,true,complete_validated,false,not_required,NOT_REQUIRED_ORIGINAL_VALIDATED,processable,conversation-extraction-v5,cases/conversations/CASE_B27322676691/stage_c_extraction_v5.json,FGF_ae58279cec880c457934437a,2023-05-31T20:15:15.484299+00:00,3,1,1,original_complete_validated_record;offline_record_prefix_and_provenance_revalidation,,true,Stage C processable only; final scientific eligibility is not determined.
CASE_B98070F8A24D,true,complete_validated,false,not_required,NOT_REQUIRED_ORIGINAL_VALIDATED,processable,conversation-extraction-v5,cases/conversations/CASE_B98070F8A24D/stage_c_extraction_v5.json,FGF_a7fb5dfca4b376964d125bfc,2023-11-22T09:50:27.931547+00:00,4,1,1,original_complete_validated_record;offline_record_prefix_and_provenance_revalidation,,true,Stage C processable only; final scientific eligibility is not determined.
CASE_B9E914A3762C,true,complete_validated,false,not_required,NOT_REQUIRED_ORIGINAL_VALIDATED,processable,conversation-extraction-v5,cases/conversations/CASE_B9E914A3762C/stage_c_extraction_v5.json,FGF_0937c6914e23980ce1600bf2,2023-12-21T13:45:06.739286+00:00,1,1,1,original_complete_validated_record;offline_record_prefix_and_provenance_revalidation,,true,Stage C processable only; final scientific eligibility is not determined.
CASE_BD187BC12672,true,complete_validated,false,not_required,NOT_REQUIRED_ORIGINAL_VALIDATED,processable,conversation-extraction-v5,cases/conversations/CASE_BD187BC12672/stage_c_extraction_v5.json,FGF_24b2d60027a047568e76baa2,2023-05-31T19:28:34.435239+00:00,1,2,1,original_complete_validated_record;offline_record_prefix_and_provenance_revalidation,,true,Stage C processable only; final scientific eligibility is not determined.
CASE_BD3DEF3FC202,true,complete_validated,false,not_required,NOT_REQUIRED_ORIGINAL_VALIDATED,processable,conversation-extraction-v5,cases/conversations/CASE_BD3DEF3FC202/stage_c_extraction_v5.json,FGF_bf10abdd74cc30717f83b210,2023-06-28T18:18:28.582688+00:00,1,1,1,original_complete_validated_record;offline_record_prefix_and_provenance_revalidation,,true,Stage C processable only; final scientific eligibility is not determined.
CASE_BFB2599E145D,true,complete_validated,false,not_required,NOT_REQUIRED_ORIGINAL_VALIDATED,processable,conversation-extraction-v5,cases/conversations/CASE_BFB2599E145D/stage_c_extraction_v5.json,FGF_19946862e94b60533019d85e,2023-11-30T08:40:22.179209+00:00,4,2,0,original_complete_validated_record;offline_record_prefix_and_provenance_revalidation,,true,Stage C processable only; final scientific eligibility is not determined.
CASE_C0D08BE70845,true,complete_validated,false,not_required,NOT_REQUIRED_ORIGINAL_VALIDATED,processable,conversation-extraction-v5,cases/conversations/CASE_C0D08BE70845/stage_c_extraction_v5.json,FGF_ba0d64a3d6615c06bb363288,2024-04-03T14:15:29.912515+00:00,7,1,0,original_complete_validated_record;offline_record_prefix_and_provenance_revalidation,,true,Stage C processable only; final scientific eligibility is not determined.
CASE_C482978A9FE9,true,complete_validated,false,not_required,NOT_REQUIRED_ORIGINAL_VALIDATED,processable,conversation-extraction-v5,cases/conversations/CASE_C482978A9FE9/stage_c_extraction_v5.json,FGF_315253bfd5414dec26aa573b,2023-09-11T00:04:52.102398+00:00,1,1,0,original_complete_validated_record;offline_record_prefix_and_provenance_revalidation,,true,Stage C processable only; final scientific eligibility is not determined.
CASE_C95F69523646,true,complete_validated,false,not_required,NOT_REQUIRED_ORIGINAL_VALIDATED,processable,conversation-extraction-v5,cases/conversations/CASE_C95F69523646/stage_c_extraction_v5.json,FGF_8f245d63a3f17ae5d68c261e,2023-11-24T00:47:52.143178+00:00,1,2,0,original_complete_validated_record;offline_record_prefix_and_provenance_revalidation,,true,Stage C processable only; final scientific eligibility is not determined.
CASE_CDFEF66FCEAA,true,complete_validated,false,not_required,NOT_REQUIRED_ORIGINAL_VALIDATED,processable,conversation-extraction-v5,cases/conversations/CASE_CDFEF66FCEAA/stage_c_extraction_v5.json,FGF_1f4bfb6a898cd8373ed33e51,2023-07-05T01:12:41.129201+00:00,1,1,1,original_complete_validated_record;offline_record_prefix_and_provenance_revalidation,,true,Stage C processable only; final scientific eligibility is not determined.
CASE_CE4BF3CB944D,true,complete_validated,false,not_required,NOT_REQUIRED_ORIGINAL_VALIDATED,processable,conversation-extraction-v5,cases/conversations/CASE_CE4BF3CB944D/stage_c_extraction_v5.json,FGF_431bf4eea6186cc85d4df6fe,2024-01-19T20:28:03.030660+00:00,1,1,0,original_complete_validated_record;offline_record_prefix_and_provenance_revalidation,,true,Stage C processable only; final scientific eligibility is not determined.
CASE_CE6B20EEAAB5,true,validation_failed,true,versioned_v6_contract_reexecution,ACCEPT_V6_REEXECUTION,processable,conversation-extraction-v6,cases/conversations/CASE_CE6B20EEAAB5/stage_c_extraction_v6.json,FGF_ce239c9ddcb34ac696533320,2024-04-20T03:55:44.695452+00:00,5,3,3,validated_resolution_record;stable_pass1;offline_record_prefix_and_provenance_revalidation,,true,Stage C processable only; final scientific eligibility is not determined.
CASE_D3D74721B407,true,complete_validated,false,not_required,NOT_REQUIRED_ORIGINAL_VALIDATED,processable,conversation-extraction-v5,cases/conversations/CASE_D3D74721B407/stage_c_extraction_v5.json,FGF_e9e5f4829491f69ca32facd9,2024-04-23T07:53:15.218519+00:00,2,1,1,original_complete_validated_record;offline_record_prefix_and_provenance_revalidation,,true,Stage C processable only; final scientific eligibility is not determined.
CASE_D52C7AE8E2E7,true,complete_validated,false,not_required,NOT_REQUIRED_ORIGINAL_VALIDATED,processable,conversation-extraction-v5,cases/conversations/CASE_D52C7AE8E2E7/stage_c_extraction_v5.json,FGF_26f26571c6636b0994ada898,2023-12-05T16:35:02.796881+00:00,1,1,0,original_complete_validated_record;offline_record_prefix_and_provenance_revalidation,,true,Stage C processable only; final scientific eligibility is not determined.
CASE_D59F0752944D,true,complete_validated,false,not_required,NOT_REQUIRED_ORIGINAL_VALIDATED,processable,conversation-extraction-v5,cases/conversations/CASE_D59F0752944D/stage_c_extraction_v5.json,FGF_1a6d4d10c671410c30e31ef3,2024-01-10T13:48:51.124078+00:00,1,2,1,original_complete_validated_record;offline_record_prefix_and_provenance_revalidation,,true,Stage C processable only; final scientific eligibility is not determined.
CASE_D88ECC0E2921,true,complete_validated,false,not_required,NOT_REQUIRED_ORIGINAL_VALIDATED,processable,conversation-extraction-v5,cases/conversations/CASE_D88ECC0E2921/stage_c_extraction_v5.json,FGF_957a269e1c1d0a3f73194a7d,2024-02-11T06:05:49.341140+00:00,1,1,0,original_complete_validated_record;offline_record_prefix_and_provenance_revalidation,,true,Stage C processable only; final scientific eligibility is not determined.
CASE_D988A0CE780E,true,complete_validated,false,not_required,NOT_REQUIRED_ORIGINAL_VALIDATED,processable,conversation-extraction-v5,cases/conversations/CASE_D988A0CE780E/stage_c_extraction_v5.json,FGF_a55aecb2ddb36f028dfa50e2,2024-02-17T18:46:44.440159+00:00,4,1,2,original_complete_validated_record;offline_record_prefix_and_provenance_revalidation,,true,Stage C processable only; final scientific eligibility is not determined.
CASE_DB8B57C6DBEC,true,complete_validated,false,not_required,NOT_REQUIRED_ORIGINAL_VALIDATED,processable,conversation-extraction-v5,cases/conversations/CASE_DB8B57C6DBEC/stage_c_extraction_v5.json,FGF_10a16e686dca98047d34be0a,2023-06-06T00:42:37.780720+00:00,1,1,0,original_complete_validated_record;offline_record_prefix_and_provenance_revalidation,,true,Stage C processable only; final scientific eligibility is not determined.
CASE_DBFC2CC31FE4,true,validation_failed,true,unchanged_v5_controlled_rerun,ACCEPT_V5_CONTROLLED_RERUN,processable,conversation-extraction-v5,cases/conversations/CASE_DBFC2CC31FE4/stage_c_extraction_v5_post_c_resolution_v5_retry_01.json,FGF_17336e89a208b0c023248a57,2024-03-20T20:23:14.283596+00:00,2,1,1,validated_resolution_record;stable_pass1;offline_record_prefix_and_provenance_revalidation,,true,Stage C processable only; final scientific eligibility is not determined.
CASE_DC1CD2C0366A,true,complete_validated,false,not_required,NOT_REQUIRED_ORIGINAL_VALIDATED,processable,conversation-extraction-v5,cases/conversations/CASE_DC1CD2C0366A/stage_c_extraction_v5.json,FGF_52996c7c784a297bad6b2a6c,2024-03-13T09:41:55.354256+00:00,4,1,1,original_complete_validated_record;offline_record_prefix_and_provenance_revalidation,,true,Stage C processable only; final scientific eligibility is not determined.
CASE_E22541DBFCC2,true,complete_validated,false,not_required,NOT_REQUIRED_ORIGINAL_VALIDATED,processable,conversation-extraction-v5,cases/conversations/CASE_E22541DBFCC2/stage_c_extraction_v5.json,FGF_89152ce027ecbb6be3784c96,2024-04-24T09:34:57.715598+00:00,4,0,0,original_complete_validated_record;offline_record_prefix_and_provenance_revalidation,,true,Stage C processable only; final scientific eligibility is not determined.
CASE_E6ADDBF1751F,true,complete_validated,false,not_required,NOT_REQUIRED_ORIGINAL_VALIDATED,processable,conversation-extraction-v5,cases/conversations/CASE_E6ADDBF1751F/stage_c_extraction_v5.json,FGF_64ce1d2b85f0fe7947cb86df,2023-11-02T13:01:48.037682+00:00,2,1,0,original_complete_validated_record;offline_record_prefix_and_provenance_revalidation,,true,Stage C processable only; final scientific eligibility is not determined.
CASE_E8F12807DBDC,true,complete_validated,false,not_required,NOT_REQUIRED_ORIGINAL_VALIDATED,processable,conversation-extraction-v5,cases/conversations/CASE_E8F12807DBDC/stage_c_extraction_v5.json,FGF_3b0a38932949841dcf581917,2023-11-29T15:30:05.280608+00:00,1,1,0,original_complete_validated_record;offline_record_prefix_and_provenance_revalidation,,true,Stage C processable only; final scientific eligibility is not determined.
CASE_E9499409E39C,true,complete_validated,false,not_required,NOT_REQUIRED_ORIGINAL_VALIDATED,processable,conversation-extraction-v5,cases/conversations/CASE_E9499409E39C/stage_c_extraction_v5.json,FGF_85dd97d704c39ae897fb3045,2024-02-04T06:18:20.388621+00:00,1,1,0,original_complete_validated_record;offline_record_prefix_and_provenance_revalidation,,true,Stage C processable only; final scientific eligibility is not determined.
CASE_EDED67A505D6,true,complete_validated,false,not_required,NOT_REQUIRED_ORIGINAL_VALIDATED,processable,conversation-extraction-v5,cases/conversations/CASE_EDED67A505D6/stage_c_extraction_v5.json,FGF_61efe3be37e1a710929ea6f5,2023-10-15T05:10:26.732889+00:00,1,1,1,original_complete_validated_record;offline_record_prefix_and_provenance_revalidation,,true,Stage C processable only; final scientific eligibility is not determined.
CASE_EE7F13CD9FB7,true,complete_validated,false,not_required,NOT_REQUIRED_ORIGINAL_VALIDATED,processable,conversation-extraction-v5,cases/conversations/CASE_EE7F13CD9FB7/stage_c_extraction_v5.json,FGF_a1897814529043c722e28af2,2023-09-05T01:44:25.726944+00:00,4,2,0,original_complete_validated_record;offline_record_prefix_and_provenance_revalidation,,true,Stage C processable only; final scientific eligibility is not determined.
CASE_EECEB1B67DDF,true,complete_validated,false,not_required,NOT_REQUIRED_ORIGINAL_VALIDATED,processable,conversation-extraction-v5,cases/conversations/CASE_EECEB1B67DDF/stage_c_extraction_v5.json,FGF_e758490220457efe292f7ace,2023-08-10T22:09:21.776553+00:00,1,1,0,original_complete_validated_record;offline_record_prefix_and_provenance_revalidation,,true,Stage C processable only; final scientific eligibility is not determined.
CASE_EFB57C0D7D17,true,complete_validated,false,not_required,NOT_REQUIRED_ORIGINAL_VALIDATED,processable,conversation-extraction-v5,cases/conversations/CASE_EFB57C0D7D17/stage_c_extraction_v5.json,FGF_ba4ef49c3ae2d43c8e145a2f,2024-02-07T19:21:54.930568+00:00,4,1,1,original_complete_validated_record;offline_record_prefix_and_provenance_revalidation,,true,Stage C processable only; final scientific eligibility is not determined.
CASE_F04D9F77AEBD,true,complete_validated,false,not_required,NOT_REQUIRED_ORIGINAL_VALIDATED,processable,conversation-extraction-v5,cases/conversations/CASE_F04D9F77AEBD/stage_c_extraction_v5.json,FGF_197293ef1c593d15245dd454,2024-02-14T16:56:24.662180+00:00,3,1,1,original_complete_validated_record;offline_record_prefix_and_provenance_revalidation,,true,Stage C processable only; final scientific eligibility is not determined.
CASE_F13F98792012,true,complete_validated,false,not_required,NOT_REQUIRED_ORIGINAL_VALIDATED,processable,conversation-extraction-v5,cases/conversations/CASE_F13F98792012/stage_c_extraction_v5.json,FGF_5fc96bcbc0d99e4be5f6e407,2023-09-25T11:59:29.032600+00:00,2,7,5,original_complete_validated_record;offline_record_prefix_and_provenance_revalidation,,true,Stage C processable only; final scientific eligibility is not determined.
CASE_F369A6C52AFC,true,complete_validated,false,not_required,NOT_REQUIRED_ORIGINAL_VALIDATED,processable,conversation-extraction-v5,cases/conversations/CASE_F369A6C52AFC/stage_c_extraction_v5.json,FGF_fd14a0d1cefe88fac90e8327,2024-01-07T13:22:25.537973+00:00,3,3,2,original_complete_validated_record;offline_record_prefix_and_provenance_revalidation,,true,Stage C processable only; final scientific eligibility is not determined.
CASE_F7BED13B8119,true,validation_failed,true,versioned_v6_contract_reexecution,ACCEPT_V6_REEXECUTION,processable,conversation-extraction-v6,cases/conversations/CASE_F7BED13B8119/stage_c_extraction_v6.json,FGF_45d70cf54a4f7fec5f8e02a3,2023-07-15T21:55:31.086959+00:00,8,4,2,validated_resolution_record;stable_pass1;offline_record_prefix_and_provenance_revalidation,,true,Stage C processable only; final scientific eligibility is not determined.
CASE_F850E0DE06D3,true,complete_validated,false,not_required,NOT_REQUIRED_ORIGINAL_VALIDATED,processable,conversation-extraction-v5,cases/conversations/CASE_F850E0DE06D3/stage_c_extraction_v5.json,FGF_8801a2243940f035c5b4b4e6,2023-06-02T14:42:14.814585+00:00,11,3,3,original_complete_validated_record;offline_record_prefix_and_provenance_revalidation,,true,Stage C processable only; final scientific eligibility is not determined.
CASE_F9321AC6C899,true,pending_controlled_resolution,true,unchanged_v5_controlled_rerun,VALIDATION_FAILED_AGAIN,processability_failed,,,,,0,0,0,no_authoritative_stage_c_extraction,repeated_pass2_provenance_validation_failure,false,Rejected Pass 2 C/S/V remains non-authoritative; no further rerun authorized.
CASE_F93FFAA22B9B,true,complete_validated,false,not_required,NOT_REQUIRED_ORIGINAL_VALIDATED,processable,conversation-extraction-v5,cases/conversations/CASE_F93FFAA22B9B/stage_c_extraction_v5.json,FGF_ec246c3a40729e18582b5348,2023-07-07T21:10:15.086839+00:00,1,1,1,original_complete_validated_record;offline_record_prefix_and_provenance_revalidation,,true,Stage C processable only; final scientific eligibility is not determined.
CASE_FAA2BE1ADE1A,true,complete_validated,false,not_required,NOT_REQUIRED_ORIGINAL_VALIDATED,processable,conversation-extraction-v5,cases/conversations/CASE_FAA2BE1ADE1A/stage_c_extraction_v5.json,FGF_fc871d581e3793154fac77f3,2023-09-04T17:08:55.965194+00:00,1,1,0,original_complete_validated_record;offline_record_prefix_and_provenance_revalidation,,true,Stage C processable only; final scientific eligibility is not determined.
CASE_FAEC584E837A,true,complete_validated,false,not_required,NOT_REQUIRED_ORIGINAL_VALIDATED,processable,conversation-extraction-v5,cases/conversations/CASE_FAEC584E837A/stage_c_extraction_v5.json,FGF_b648e73c14103d77bd1632d4,2023-09-28T18:33:36.735883+00:00,3,2,0,original_complete_validated_record;offline_record_prefix_and_provenance_revalidation,,true,Stage C processable only; final scientific eligibility is not determined.
CASE_FE82721D67EB,true,complete_validated,false,not_required,NOT_REQUIRED_ORIGINAL_VALIDATED,processable,conversation-extraction-v5,cases/conversations/CASE_FE82721D67EB/stage_c_extraction_v5.json,FGF_fd284aefdb6f99df382d1f0e,2023-09-07T14:13:12.585890+00:00,2,1,0,original_complete_validated_record;offline_record_prefix_and_provenance_revalidation,,true,Stage C processable only; final scientific eligibility is not determined.
CASE_FF56769ECD05,true,complete_validated,false,not_required,NOT_REQUIRED_ORIGINAL_VALIDATED,processable,conversation-extraction-v5,cases/conversations/CASE_FF56769ECD05/stage_c_extraction_v5.json,FGF_3e40710fc060eb681a8f124a,2024-04-04T21:43:01.991259+00:00,1,3,2,original_complete_validated_record;offline_record_prefix_and_provenance_revalidation,,true,Stage C processable only; final scientific eligibility is not determined.
