summary_version,case_id,source_id,stage_a_scientific_status,ready_for_stage_b,stage_b_package_status,source_origin,retrieval_time_status,raw_source_sha256,normalized_conversation_status,model_view_status,package_validation_status,tC,failure_reason,ready_for_stage_c
stage-b-summary-v1,CASE_091B52A05DEF,PA-27,pending_resolution,true,existing_valid,legacy_cache_import,unknown_legacy_cache,3c3509113ad2b1c0803cb7ffdd30d4e7b2e7b98720325b301b147e344040351d,complete,complete,validated,2023-11-14T21:50:15.895416+00:00,,true
stage-b-summary-v1,CASE_0C81DAE6280D,PA-55,pending_resolution,true,existing_valid,archived_http_response,unknown_archive_timezone,1f3875054f59e59427ef3fbb2365da042f7e5dd4d6b69af17ab015d9884ca8d0,complete,complete,validated,2023-07-31T15:36:45.193223+00:00,,true
stage-b-summary-v1,CASE_0CE9E03556F1,PN-26,pending_resolution,true,existing_valid,legacy_cache_import,unknown_legacy_cache,386e1784b9f7ec7e0f47beba9ce14d507329cb7771e1d76a67d16113391be8b3,complete,complete,validated,2023-06-15T12:00:11.965943+00:00,,true
stage-b-summary-v1,CASE_0ECE0C32A4BB,PA-38,pending_resolution,true,existing_valid,legacy_cache_import,unknown_legacy_cache,b2d4ec50f14bd923178c6b6cf7403f4d09af4264947d70f9ab8e54456cbac03e,complete,complete,validated,2024-03-04T09:15:23.235651+00:00,,true
stage-b-summary-v1,CASE_1754D5BAEC54,PN-24,pending_resolution,true,existing_valid,legacy_cache_import,unknown_legacy_cache,d7efd7560558d41214ea754949af36522d16a6fdf4f2e95c1a375393bca83f5b,complete,complete,validated,2023-07-15T05:09:47.979731+00:00,,true
stage-b-summary-v1,CASE_179B36843FBE,PA-2,pending_resolution,true,existing_valid,legacy_cache_import,unknown_legacy_cache,bcda3086ee0c0af314ceafe6d9540af9bf576f4f741f583a8a61a91e892bda6f,complete,complete,validated,2023-07-24T07:17:59.369699+00:00,,true
stage-b-summary-v1,CASE_188C69620856,PA-60,pending_resolution,true,existing_valid,legacy_cache_import,unknown_legacy_cache,1ccfb1700966e81c50c0bf2b896de6cce0cecabdd53ad85f9f67a55cc77c30a2,complete,complete,validated,2024-02-08T04:42:13.817798+00:00,,true
stage-b-summary-v1,CASE_193801513E85,PA-5,pending_resolution,true,existing_valid,legacy_cache_import,unknown_legacy_cache,e3238d427c398eb7db52ee2ea456403f7d20ade28caae8c6f04e83076bd84938,complete,complete,validated,2023-09-16T11:10:33.268452+00:00,,true
stage-b-summary-v1,CASE_194F3A461B65,PA-44,pending_resolution,true,existing_valid,legacy_cache_import,unknown_legacy_cache,1204f41fa1b8695426f628d0b0178a7718e4a918de42472350e86267a20cb0e8,complete,complete,validated,2024-02-18T18:17:01.691805+00:00,,true
stage-b-summary-v1,CASE_1A72A70C88B5,PA-79,pending_resolution,true,existing_valid,legacy_cache_import,unknown_legacy_cache,917b21fb28f1306212a1cd799addd857aae36a6a7371a3759024954ca9b5d124,complete,complete,validated,2024-02-14T00:08:44.088851+00:00,,true
stage-b-summary-v1,CASE_1C3B62857D19,PA-25,pending_resolution,true,existing_valid,legacy_cache_import,unknown_legacy_cache,95e6e7cb8a7e554d38cab9cd5d9389dda866525990b9c690071bf7b681d717b8,complete,complete,validated,2024-01-15T00:03:34.811640+00:00,,true
stage-b-summary-v1,CASE_1FEA1F5DE7C1,PA-15,pending_resolution,true,existing_valid,legacy_cache_import,unknown_legacy_cache,4adb5b2d40162e436ff9e508b0793ec9af0a53ae976f93045a988046db7122f3,complete,complete,validated,2024-04-16T11:14:56.891392+00:00,,true
stage-b-summary-v1,CASE_21DFA2A0B7DA,PN-37,pending_resolution,true,existing_valid,legacy_cache_import,unknown_legacy_cache,7af1ecce390b6127e2234a206ce3834121e51f7b23ce245f9506cf83bac73108,complete,complete,validated,2023-06-06T13:54:07.980315+00:00,,true
stage-b-summary-v1,CASE_26F615E94B29,PA-11,pending_resolution,true,existing_valid,legacy_cache_import,unknown_legacy_cache,10a0e26430340c9278adbbc19bc687de410ae648e495a48ab05d8edc3e2f81af,complete,complete,validated,2023-10-02T18:16:44.035793+00:00,,true
stage-b-summary-v1,CASE_27C861787A74,PA-3,pending_resolution,true,existing_valid,legacy_cache_import,unknown_legacy_cache,25584850a9bf8d5436ea9fa582fd8d976d9f22b0c8fa46abeeda3c12ca4e0344,complete,complete,validated,2023-10-28T10:03:19.538374+00:00,,true
stage-b-summary-v1,CASE_298A455FBBD8,PA-59,pending_resolution,true,existing_valid,legacy_cache_import,unknown_legacy_cache,93effa127332cb5694775e3a4aea78fb74758e59e1969795dd026da62ce3374b,complete,complete,validated,2024-02-09T05:52:19.004086+00:00,,true
stage-b-summary-v1,CASE_2ABF4A57FD48,PA-87,pending_resolution,true,existing_valid,legacy_cache_import,unknown_legacy_cache,9257878b834419fad24da9a31158d1010208abe41b4d2d9246e6a2415f190061,complete,complete,validated,2023-07-17T11:32:21.891463+00:00,,true
stage-b-summary-v1,CASE_2BAC9476B7B1,PN-1,pending_resolution,true,existing_valid,legacy_cache_import,unknown_legacy_cache,6030dec8fe2d99f793090dc2d5553bdde0b38a9f5ee12aea8f28233f7ec03c09,complete,complete,validated,2023-07-26T18:12:17.562048+00:00,,true
stage-b-summary-v1,CASE_2D5D7C7DC776,PA-8,pending_resolution,true,existing_valid,legacy_cache_import,unknown_legacy_cache,b48bb2786e9958ebae10624693e51cdcf8018702cbce789acb9e401bf35c6835,complete,complete,validated,2024-04-21T03:56:14.294571+00:00,,true
stage-b-summary-v1,CASE_2EE7F39A770C,PA-14,pending_resolution,true,existing_valid,legacy_cache_import,unknown_legacy_cache,c711dceac2b8724d5d6a98c415a919ba8c666288624056cbc8e27371acdec693,complete,complete,validated,2023-06-27T10:44:55.838603+00:00,,true
stage-b-summary-v1,CASE_31385155F1C4,PA-74,pending_resolution,true,existing_valid,legacy_cache_import,unknown_legacy_cache,5d40e42c60e8c0e7b322f9dace6d6dbc2eae8bd68797f23630d69108a2041ef3,complete,complete,validated,2024-05-03T21:02:53.472663+00:00,,true
stage-b-summary-v1,CASE_31B64CD9DDDB,PA-57,pending_resolution,true,existing_valid,legacy_cache_import,unknown_legacy_cache,cc226d4fc0dc2fc19c4a47f7861ba71d7ecae5cad16f47f2d39c87897e5665eb,complete,complete,validated,2023-12-18T22:51:58.289472+00:00,,true
stage-b-summary-v1,CASE_34CAAE296942,PN-29,pending_resolution,true,existing_valid,legacy_cache_import,unknown_legacy_cache,df4be5284344ea8ca16065b8936ecbef3e93962ef8ee97254efc5c032d6284d7,complete,complete,validated,2023-08-24T17:30:04.057663+00:00,,true
stage-b-summary-v1,CASE_34D14D6B0BB7,PA-29,pending_resolution,true,existing_valid,legacy_cache_import,unknown_legacy_cache,7e40ed013b77fcad93e94717c4d374679c71bd1220a3a5b99f90c71669dc8f63,complete,complete,validated,2023-10-09T17:52:55.102066+00:00,,true
stage-b-summary-v1,CASE_36570F50AD25,PA-19,pending_resolution,true,existing_valid,legacy_cache_import,unknown_legacy_cache,b57579d291725f54053290974c2e645492d64ad0561273460603e30c9f588ecb,complete,complete,validated,2023-12-13T11:36:12.000305+00:00,,true
stage-b-summary-v1,CASE_36ED555D6DE4,PA-56,pending_resolution,true,existing_valid,legacy_cache_import,unknown_legacy_cache,7044db7b6ca53f3872a6036f925bdb34fbe1452ef1159abb9a198a7d8226e378,complete,complete,validated,2023-08-21T13:20:31.820827+00:00,,true
stage-b-summary-v1,CASE_3A639B473AED,PA-85,pending_resolution,true,existing_valid,legacy_cache_import,unknown_legacy_cache,f77dbff9dc8a08a677c459e9445e4e678e81ef5f8d05a4674c95eb204bb98b35,complete,complete,validated,2023-08-07T17:40:02.973733+00:00,,true
stage-b-summary-v1,CASE_3D1C336B94C8,PA-72,pending_resolution,true,existing_valid,legacy_cache_import,unknown_legacy_cache,71bcad5a69e02fc85838519f878512de1568e5a382182fd039be4fe8799d3743,complete,complete,validated,2023-07-19T19:59:28.904849+00:00,,true
stage-b-summary-v1,CASE_3E10D31BBE69,PN-4,pending_resolution,true,existing_valid,legacy_cache_import,unknown_legacy_cache,73bb068be8bc325e24dc6fdf795604ef879c2e08e42ccfe485871331037003ae,complete,complete,validated,2023-09-20T19:43:00.490186+00:00,,true
stage-b-summary-v1,CASE_3E3A525883BA,PA-9,pending_resolution,true,existing_valid,legacy_cache_import,unknown_legacy_cache,cf1b58efae57bc81753d0ce22c1fbdb66941c68fbb30955ca38a8dc5be4a522a,complete,complete,validated,2023-10-25T17:35:01.680644+00:00,,true
stage-b-summary-v1,CASE_414279E8C348,PN-34,pending_resolution,true,existing_valid,legacy_cache_import,unknown_legacy_cache,fbb3ec6605d2e18a0eed0bd4071297b3ee04d56d259be18ec120edfccf83920b,complete,complete,validated,2023-06-10T21:13:11.979700+00:00,,true
stage-b-summary-v1,CASE_435C36453469,PN-39,pending_resolution,true,existing_valid,legacy_cache_import,unknown_legacy_cache,e5c9f430a7f6ebee46a025703d145e7ebb983016aef052392362a264b9fca96b,complete,complete,validated,2023-06-21T21:08:53.721927+00:00,,true
stage-b-summary-v1,CASE_43E88314E461,PN-50,pending_resolution,true,existing_valid,legacy_cache_import,unknown_legacy_cache,2e99bdc7399866574cde65ab3cc80b57d89557a648c78a3f54c5657ef5e67d17,complete,complete,validated,2023-12-13T21:43:38.610726+00:00,,true
stage-b-summary-v1,CASE_488C3B9CF30B,PN-27,pending_resolution,true,existing_valid,legacy_cache_import,unknown_legacy_cache,fdf950647218450de5206b249252cdf435693c84d7f140d9cb57fbca8ecf34f7,complete,complete,validated,2023-12-21T01:47:52.229827+00:00,,true
stage-b-summary-v1,CASE_50556C8D545F,PN-25,pending_resolution,true,existing_valid,legacy_cache_import,unknown_legacy_cache,fb223a39dbbf21da7256b3d4aad1881b3cd9a9da23d5f7096ee768965016bcab,complete,complete,validated,2023-10-23T20:09:52.927538+00:00,,true
stage-b-summary-v1,CASE_51918C8EB470,PA-4,pending_resolution,true,existing_valid,fresh,recorded,42e3caa160957e551a135b0fa45f2bb277f57c632fc292ff2c8415322650c0b7,complete,complete,validated,2024-01-23T12:20:06.148135+00:00,,true
stage-b-summary-v1,CASE_522F0F296F37,PA-83,pending_resolution,true,existing_valid,legacy_cache_import,unknown_legacy_cache,ec30a3185c3148890c5653150e628fdefcc6053e6b54348961e6b29ca1caa28e,complete,complete,validated,2023-07-21T13:02:28.027542+00:00,,true
stage-b-summary-v1,CASE_59209E5F12FB,PA-86,pending_resolution,true,existing_valid,legacy_cache_import,unknown_legacy_cache,5e99ec9564ecfac9efb7b1e346cfbe46e44d8a2a9eece3eeba760335f02b9b87,complete,complete,validated,2024-04-04T20:12:53.702419+00:00,,true
stage-b-summary-v1,CASE_5A3A043A5011,PA-37,pending_resolution,true,existing_valid,legacy_cache_import,unknown_legacy_cache,19db4d3fd832e25d01d4bff971dba4e78e2c5f36038f7a0be4e075dfa2b6e8e9,complete,complete,validated,2023-08-13T08:05:19.653407+00:00,,true
stage-b-summary-v1,CASE_5C203B1DBF11,PN-13,pending_resolution,true,existing_valid,legacy_cache_import,unknown_legacy_cache,4d6a8d19c69b450f5c2793fbbc0f4483f0e10111abecd5014ebbffe587fb573e,complete,complete,validated,2023-10-26T14:03:08.023419+00:00,,true
stage-b-summary-v1,CASE_5D45BE40E95A,PA-73,pending_resolution,true,existing_valid,legacy_cache_import,unknown_legacy_cache,043d4dbe1fd2c1d5d1db07e17c8b128924a80369c658f29fcd1b2960c4ab6482,complete,complete,validated,2023-10-02T23:05:55.804377+00:00,,true
stage-b-summary-v1,CASE_5FC257622E18,PN-21,pending_resolution,true,existing_valid,legacy_cache_import,unknown_legacy_cache,c35021c784966492bfb5af5428e451615b0412514b7a9559a6eb07248ad644ac,complete,complete,validated,2023-08-23T10:06:02.443150+00:00,,true
stage-b-summary-v1,CASE_60CF5311F25C,PA-75,pending_resolution,true,existing_valid,legacy_cache_import,unknown_legacy_cache,329c0c000ad3ff1f4e9d73fa75494a61ce985aa08cbdc2c625c002fce92cb80f,complete,complete,validated,2023-09-29T00:41:06.489203+00:00,,true
stage-b-summary-v1,CASE_6413F3DD2F91,PA-69,pending_resolution,true,existing_valid,legacy_cache_import,unknown_legacy_cache,2f27ea7508bd9de397e95a511f1a9ef59468eaab69b143da227c67e699edcf07,complete,complete,validated,2024-03-05T20:20:08.577178+00:00,,true
stage-b-summary-v1,CASE_6C2918844CE5,PA-33,pending_resolution,true,existing_valid,legacy_cache_import,unknown_legacy_cache,f9cdef14bc0fdaf00c117f18e4fdd75cc26cb1eccf6531194673d37afb417f7d,complete,complete,validated,2023-11-14T20:33:04.626020+00:00,,true
stage-b-summary-v1,CASE_6C65BC36BF60,PA-80,pending_resolution,true,existing_valid,legacy_cache_import,unknown_legacy_cache,1a3a05bb606929aad2c855f74c00d8d839f35330c2ca4c53f19ff11243ca6975,complete,complete,validated,2024-04-12T18:19:56.343297+00:00,,true
stage-b-summary-v1,CASE_6D67A6A3F752,PN-33,pending_resolution,true,existing_valid,legacy_cache_import,unknown_legacy_cache,7cc30571e8c0c40751a6115fef347f06d069baa06614f427a726287f4ff1884b,complete,complete,validated,2023-06-29T06:15:14.153874+00:00,,true
stage-b-summary-v1,CASE_6DA0F9615A57,PA-52,pending_resolution,true,existing_valid,legacy_cache_import,unknown_legacy_cache,68d2bbf9c759f64607a11f7f2a41a88914f7e7a5fa1675c46f4d41e426ec8823,complete,complete,validated,2023-07-12T10:53:31.263665+00:00,,true
stage-b-summary-v1,CASE_6ECAEEE54BD9,PN-23,pending_resolution,true,existing_valid,legacy_cache_import,unknown_legacy_cache,247343c515bba84cab7515d67f5c2402ad97cfdb2df922a8b49fa11b656755ef,complete,complete,validated,2023-07-03T10:30:38.693688+00:00,,true
stage-b-summary-v1,CASE_718BCF5AB319,PA-41,pending_resolution,true,existing_valid,legacy_cache_import,unknown_legacy_cache,726dcf8ed5c236ad3ddcb84b2a0d76204bf94e92ca56a4dc1f42da83ab16e8a6,complete,complete,validated,2024-03-26T19:09:39.287558+00:00,,true
stage-b-summary-v1,CASE_72448D73D60F,PN-2,pending_resolution,true,existing_valid,legacy_cache_import,unknown_legacy_cache,d9dfcf3cf676b653fe0049ae6ac0158e01ea2272bdb14fc725a57d0c39092978,complete,complete,validated,2023-11-16T02:12:44.435001+00:00,,true
stage-b-summary-v1,CASE_7351FB1ECD56,PA-18,pending_resolution,true,existing_valid,legacy_cache_import,unknown_legacy_cache,c9c819dc17ba62a5021606f4b752d5cc1858f191aa1ae1b6279fff9a10f17bb8,complete,complete,validated,2023-06-05T08:19:11.674399+00:00,,true
stage-b-summary-v1,CASE_74FE6518B1D8,PN-48,pending_resolution,true,existing_valid,legacy_cache_import,unknown_legacy_cache,71843f2888fd11755c0901b2545f781a9ed99192739752e3b3268bf1c36e49aa,complete,complete,validated,2023-09-30T04:21:07.013909+00:00,,true
stage-b-summary-v1,CASE_77BDD439B74B,PN-53,pending_resolution,true,existing_valid,legacy_cache_import,unknown_legacy_cache,6e2c81a4354734f8fdc0b897c7b95a232ad3b013600d372eeebd2c08ddc90e69,complete,complete,validated,2023-11-17T03:45:35.385000+00:00,,true
stage-b-summary-v1,CASE_77D26276DFFD,PN-10,pending_resolution,true,existing_valid,legacy_cache_import,unknown_legacy_cache,d6f3f2e4999296a8897749fa8240e5d940bd30cc5b0445e5a726960465a83ee9,complete,complete,validated,2023-12-20T08:04:51.213189+00:00,,true
stage-b-summary-v1,CASE_7A2975A1686D,PA-12,pending_resolution,true,existing_valid,legacy_cache_import,unknown_legacy_cache,e88323faa720c0586e8ef5247ac325afdec36abacfbaac6dc7c15de119842647,complete,complete,validated,2023-06-27T23:33:38.144590+00:00,,true
stage-b-summary-v1,CASE_7EA4C03D1DDC,PA-16,pending_resolution,true,existing_valid,legacy_cache_import,unknown_legacy_cache,80cd0953162c693e731c7d7de925152a2f5ebb30e982e9b108ff254862268e87,complete,complete,validated,2023-06-04T12:49:18.324936+00:00,,true
stage-b-summary-v1,CASE_813B25949CF6,PN-17,pending_resolution,true,existing_valid,legacy_cache_import,unknown_legacy_cache,1aa5657ad24da6501f6864903785c45754a9d90763e3437cb16e7807c34bf7f8,complete,complete,validated,2023-11-25T03:00:31.435024+00:00,,true
stage-b-summary-v1,CASE_82C8812C7E0F,PN-5,pending_resolution,true,existing_valid,legacy_cache_import,unknown_legacy_cache,46d715e8ef6c6a2543876158b6e21894236a3ef6113846de4dfcd27875d3d24d,complete,complete,validated,2023-12-08T06:10:30.031750+00:00,,true
stage-b-summary-v1,CASE_84DFC90D3698,PA-30,pending_resolution,true,existing_valid,legacy_cache_import,unknown_legacy_cache,9114b81098aa596e8c68444df1eeda3e3f4815c39cb7992fef7c30f99919807c,complete,complete,validated,2023-06-23T14:18:07.144951+00:00,,true
stage-b-summary-v1,CASE_85AD863F8290,PA-82,pending_resolution,true,existing_valid,legacy_cache_import,unknown_legacy_cache,6b9d89f3d203ba1bac98d7b366a4ae0824ce823701b27d07d0a1f4eb1baee12b,complete,complete,validated,2024-01-09T07:35:13.463705+00:00,,true
stage-b-summary-v1,CASE_8A756AAC10B8,PN-32,pending_resolution,true,existing_valid,legacy_cache_import,unknown_legacy_cache,fdf90ed96931cf9a96ca741ac44aa08430c2c18eee9682326506371cae5596f8,complete,complete,validated,2024-01-24T12:29:46.015073+00:00,,true
stage-b-summary-v1,CASE_8A8D4442D5EB,PN-40,pending_resolution,true,existing_valid,legacy_cache_import,unknown_legacy_cache,560f8f4019373f947da08afa62fedec4c88e86d18a50ad9fd6dfdd7936639f5a,complete,complete,validated,2023-07-11T07:28:23.698188+00:00,,true
stage-b-summary-v1,CASE_91E13A588000,PA-17,pending_resolution,true,existing_valid,legacy_cache_import,unknown_legacy_cache,385128aa7ecbff575bfc2fe6f1c48886b56d13190e8af2202460a9c957a8ed76,complete,complete,validated,2023-06-15T18:24:58.254301+00:00,,true
stage-b-summary-v1,CASE_9213ACECEA46,PA-64,pending_resolution,true,existing_valid,legacy_cache_import,unknown_legacy_cache,045dea21d8b36a26909cfe2945e100dfe7c4f90e90f56340cac07c9752b0f2b3,complete,complete,validated,2024-05-03T14:48:05.263301+00:00,,true
stage-b-summary-v1,CASE_978B83E2DF72,PA-35,pending_resolution,true,existing_valid,legacy_cache_import,unknown_legacy_cache,09d5c01195acbff9b487b63168f6728ede5a69318dcf2134a50b6a22be4073f1,complete,complete,validated,2023-11-23T04:34:40.305082+00:00,,true
stage-b-summary-v1,CASE_97AFC2022473,PA-47,pending_resolution,true,existing_valid,legacy_cache_import,unknown_legacy_cache,64858dfbcc5d07fac8587accedab850d1c83360e36b282c01cb5978d6b7d148a,complete,complete,validated,2023-12-13T16:35:42.372307+00:00,,true
stage-b-summary-v1,CASE_98B41CACA483,PN-30,pending_resolution,true,existing_valid,legacy_cache_import,unknown_legacy_cache,bb65fea42b5e6711bdfb28f9427ec26aebeb4cb9cfa761f9e08a99688911c46b,complete,complete,validated,2023-09-02T12:57:25.658190+00:00,,true
stage-b-summary-v1,CASE_99D45A6BFF86,PA-89,pending_resolution,true,existing_valid,legacy_cache_import,unknown_legacy_cache,6ccfec38b7e66975bfed2ce46325051fa95f9c682554d8ca6746b3c41720c1ac,complete,complete,validated,2023-07-17T10:36:47.750404+00:00,,true
stage-b-summary-v1,CASE_9B31F94A6604,PA-7,pending_resolution,true,existing_valid,cached,recorded,f876dfc7cf5e9d77170e0d29e8706553574dd08d208981938909b507121ea65b,complete,complete,validated,2023-06-01T02:12:29.256477+00:00,,true
stage-b-summary-v1,CASE_9E4D3DF1CDB9,PN-19,pending_resolution,true,existing_valid,legacy_cache_import,unknown_legacy_cache,edd9d581bd3680b06d4e0178ff3eb335ac873c08a8981447ee48c0bc0290f193,complete,complete,validated,2023-07-13T21:17:13.705425+00:00,,true
stage-b-summary-v1,CASE_A0301CC135FC,PA-22,pending_resolution,true,existing_valid,legacy_cache_import,unknown_legacy_cache,4bf3d0f7b453e39b5b96cab7307d1dd42543cb7dfcd9a0a8c9c08f4934dafc50,complete,complete,validated,2024-03-06T09:48:27.180084+00:00,,true
stage-b-summary-v1,CASE_A0C5FC961ECD,PA-88,pending_resolution,true,existing_valid,legacy_cache_import,unknown_legacy_cache,805fee3be6a6ff03b7519231283934ec25837d38d86e39dabc1ef58a391630b9,complete,complete,validated,2023-07-17T12:18:13.722610+00:00,,true
stage-b-summary-v1,CASE_A1DC1299D73A,PA-40,pending_resolution,true,existing_valid,legacy_cache_import,unknown_legacy_cache,428e48813a0cb76b072ab4dfc170cacd9b315ef024d305067aded7c6882115ca,complete,complete,validated,2024-04-11T21:03:11.627538+00:00,,true
stage-b-summary-v1,CASE_A33FC2CCCA9D,PN-47,pending_resolution,true,existing_valid,legacy_cache_import,unknown_legacy_cache,6b77a67b6f4772e4a0ece6630937b88552acb586b61e303e20f384e4998f7850,complete,complete,validated,2023-09-15T23:10:06.197984+00:00,,true
stage-b-summary-v1,CASE_A46532387B1B,PA-61,pending_resolution,true,existing_valid,legacy_cache_import,unknown_legacy_cache,9b13b389d77a126fd50c4828cbfc2b164a66618d71b055e7a0d804abe37ab301,complete,complete,validated,2024-04-21T05:31:49.620730+00:00,,true
stage-b-summary-v1,CASE_A48E956577BA,PA-50,pending_resolution,true,existing_valid,legacy_cache_import,unknown_legacy_cache,404085f7b81e32b8612d42c29d048e6676dcbe2d46ee13b71a42c05f6b383e8f,complete,complete,validated,2023-12-07T16:26:45.333439+00:00,,true
stage-b-summary-v1,CASE_A4CDC94D210B,PA-24,pending_resolution,true,existing_valid,legacy_cache_import,unknown_legacy_cache,cfa26e3db850f7701fc4cdc768ac22293e3cb5523dba9532dc119bb6289299c9,complete,complete,validated,2023-06-12T18:08:13.877268+00:00,,true
stage-b-summary-v1,CASE_AADA2C787EEE,PN-42,pending_resolution,true,existing_valid,legacy_cache_import,unknown_legacy_cache,a3f86b783b4cd89231dc11f29cf8c7157c22667f725fbeecb7c288ede804aa05,complete,complete,validated,2023-07-17T12:55:01.242029+00:00,,true
stage-b-summary-v1,CASE_AB42B2598A84,PA-1,pending_resolution,true,existing_valid,cached,recorded,62f8582a340280697db30b8e3615e1bb95c2e0d65fb16f5919f8edd36c5cbdd8,complete,complete,validated,2024-01-08T11:48:08.393214+00:00,,true
stage-b-summary-v1,CASE_AD8C4F13A90B,PN-8,pending_resolution,true,existing_valid,legacy_cache_import,unknown_legacy_cache,fe7a41d5dab4f5cfcd556cf1f211e8717323ec495432b8798aab499b8d4fe1f7,complete,complete,validated,2023-09-05T05:08:46.868780+00:00,,true
stage-b-summary-v1,CASE_B0892F2A5485,PA-78,pending_resolution,true,existing_valid,legacy_cache_import,unknown_legacy_cache,fd400e78f68ef2c09510749978f7f5f1105a140bb7537e2e4810af0ac9894fcc,complete,complete,validated,2024-02-14T20:21:33.196922+00:00,,true
stage-b-summary-v1,CASE_B0A21EE800C0,PA-67,pending_resolution,true,existing_valid,archived_http_response,unknown_archive_timezone,489fb26ff2ecffed32d175f2fd400de6a6e35b4fe906dac8b0bd69ed50333424,complete,complete,validated,2023-09-18T10:32:34.847554+00:00,,true
stage-b-summary-v1,CASE_B27322676691,PN-41,pending_resolution,true,existing_valid,legacy_cache_import,unknown_legacy_cache,46c2bb7fef05ce6d8e06a8f99440b300294e129ea27024edac0cb840aa78ca74,complete,complete,validated,2023-05-31T20:14:44.129139+00:00,,true
stage-b-summary-v1,CASE_B98070F8A24D,PA-26,pending_resolution,true,existing_valid,legacy_cache_import,unknown_legacy_cache,425e66b882a4a13550f8773e3ecfd5ca77a2d14db1af28841539b2341b5ee7b1,complete,complete,validated,2023-11-22T09:49:48.179225+00:00,,true
stage-b-summary-v1,CASE_B9E914A3762C,PN-11,pending_resolution,true,existing_valid,legacy_cache_import,unknown_legacy_cache,a0904f4620a9214706f85ea9616f3e35a98b6976a2ed092bb7ac2fdc0b9621d7,complete,complete,validated,2023-12-21T13:44:45.454568+00:00,,true
stage-b-summary-v1,CASE_BD187BC12672,PN-38,pending_resolution,true,existing_valid,legacy_cache_import,unknown_legacy_cache,06a767f40db73b574ac0add1cf0beb5d2124febd95df6e8661d34cf0396f862e,complete,complete,validated,2023-05-31T19:28:06.583832+00:00,,true
stage-b-summary-v1,CASE_BD3DEF3FC202,PN-16,pending_resolution,true,existing_valid,legacy_cache_import,unknown_legacy_cache,16999080c10e5fc5705c304e314f14950844dba87d7aae74871d15a54540127e,complete,complete,validated,2023-06-28T18:18:10.292608+00:00,,true
stage-b-summary-v1,CASE_BFB2599E145D,PA-21,pending_resolution,true,existing_valid,legacy_cache_import,unknown_legacy_cache,c97dcef942514bc8dc5da8ec9e9484399cab4a44903f05a04d4326289871a429,complete,complete,validated,2023-11-30T08:40:08.698626+00:00,,true
stage-b-summary-v1,CASE_C0D08BE70845,PA-68,pending_resolution,true,existing_valid,legacy_cache_import,unknown_legacy_cache,695f4e6fb56c220066fa9a3bb1c94a04aef88395f968d28c24a4eee773bef7a3,complete,complete,validated,2024-04-03T14:13:42.318441+00:00,,true
stage-b-summary-v1,CASE_C482978A9FE9,PN-6,pending_resolution,true,existing_valid,legacy_cache_import,unknown_legacy_cache,617ed5bb5a909d6123e87f0df9cc2657b67587ec296c521e2d37e07c518f0194,complete,complete,validated,2023-09-11T00:04:47.774569+00:00,,true
stage-b-summary-v1,CASE_C95F69523646,PN-12,pending_resolution,true,existing_valid,legacy_cache_import,unknown_legacy_cache,25020edab1f681364ffcd501de4d36ff23190e22e0bbd42ad4a6e885a9881502,complete,complete,validated,2023-11-24T00:47:41.723136+00:00,,true
stage-b-summary-v1,CASE_CDFEF66FCEAA,PN-20,pending_resolution,true,existing_valid,legacy_cache_import,unknown_legacy_cache,822c57316a9137618adbb5d84851454a08a3fb66f41a3fd97bd840fa007c70a5,complete,complete,validated,2023-07-05T01:12:38.976834+00:00,,true
stage-b-summary-v1,CASE_CE4BF3CB944D,PN-14,pending_resolution,true,existing_valid,legacy_cache_import,unknown_legacy_cache,03f2962aabd95d1856185babcf70fcd48c43c218be4b159a5394305ea0feaaf9,complete,complete,validated,2024-01-19T20:27:30.612520+00:00,,true
stage-b-summary-v1,CASE_CE6B20EEAAB5,PA-62,pending_resolution,true,existing_valid,legacy_cache_import,unknown_legacy_cache,db95caf18f133306079fdda45715f7ea37beb5c8e8ec1469d08fd7612b401c0e,complete,complete,validated,2024-04-20T03:53:04.132330+00:00,,true
stage-b-summary-v1,CASE_D3D74721B407,PA-42,pending_resolution,true,existing_valid,legacy_cache_import,unknown_legacy_cache,45ef11ed102a6467bd5b7b09ce63ecc739acd0808dcec17f12d65de421871de3,complete,complete,validated,2024-04-23T07:53:06.802994+00:00,,true
stage-b-summary-v1,CASE_D52C7AE8E2E7,PN-44,pending_resolution,true,existing_valid,legacy_cache_import,unknown_legacy_cache,25b63e96bcee59b7bb1fa336ed3a87887580232ab3026bfa546d37d7f7669f85,complete,complete,validated,2023-12-05T16:34:40.580538+00:00,,true
stage-b-summary-v1,CASE_D59F0752944D,PN-15,pending_resolution,true,existing_valid,legacy_cache_import,unknown_legacy_cache,4f2c7bf64db1a77b63becd86dce7fb8144ef2c8a4d1ca307d0545397ffcc62eb,complete,complete,validated,2024-01-10T13:48:39.762270+00:00,,true
stage-b-summary-v1,CASE_D88ECC0E2921,PA-54,pending_resolution,true,existing_valid,legacy_cache_import,unknown_legacy_cache,d1dda2e168787fcde642a02b5c7d67ec912bd77787c8e1e50d1a0b64e7c0d0e4,complete,complete,validated,2024-02-11T06:05:32.914164+00:00,,true
stage-b-summary-v1,CASE_D988A0CE780E,PA-63,pending_resolution,true,existing_valid,legacy_cache_import,unknown_legacy_cache,22fcb117eff8bb4d075d475fa6167492df5707b77eb24b94ed52144b36f0a250,complete,complete,validated,2024-02-17T18:46:08.230819+00:00,,true
stage-b-summary-v1,CASE_DB8B57C6DBEC,PN-36,pending_resolution,true,existing_valid,legacy_cache_import,unknown_legacy_cache,149e87dd3b4b83b64de3d5b4884f8649d834b1f46ed156793500a528234ee978,complete,complete,validated,2023-06-06T00:42:21.402883+00:00,,true
stage-b-summary-v1,CASE_DBFC2CC31FE4,PA-10,pending_resolution,true,existing_valid,legacy_cache_import,unknown_legacy_cache,4454220a9118b19838bddbea6cf9069ab6fd84026ef0d8ccb5993dc70dff9ca8,complete,complete,validated,2024-03-20T20:21:53.988430+00:00,,true
stage-b-summary-v1,CASE_DC1CD2C0366A,PA-58,pending_resolution,true,existing_valid,legacy_cache_import,unknown_legacy_cache,4c538c6a3affe5ce2ecd1bd9eef6cd9446bec51d658f3d29c9b625353af95cb2,complete,complete,validated,2024-03-13T09:41:12.443305+00:00,,true
stage-b-summary-v1,CASE_E22541DBFCC2,PA-43,pending_resolution,true,existing_valid,legacy_cache_import,unknown_legacy_cache,40e18099f5fd2915b8e570d8448523e3b60a780df8bdbb8981cc63caec2db998,complete,complete,validated,2024-04-24T09:34:49.096743+00:00,,true
stage-b-summary-v1,CASE_E6ADDBF1751F,PN-52,pending_resolution,true,existing_valid,legacy_cache_import,unknown_legacy_cache,efe702243d353e087b55e31627ea68324ce281f954a67bcc1eebbaf3382e4a7d,complete,complete,validated,2023-11-02T13:01:45.967322+00:00,,true
stage-b-summary-v1,CASE_E8F12807DBDC,PA-45,pending_resolution,true,existing_valid,legacy_cache_import,unknown_legacy_cache,acb6c698145302875a3a0169e03ca00b841de2f1bbadef01650d0e352aba2392,complete,complete,validated,2023-11-29T15:29:58.598890+00:00,,true
stage-b-summary-v1,CASE_E9499409E39C,PA-66,pending_resolution,true,existing_valid,legacy_cache_import,unknown_legacy_cache,125f9b0fabba4a811a27217fc3ec18050b3c9fcd41aad2932631694e7dd70ccc,complete,complete,validated,2024-02-04T06:17:58.975758+00:00,,true
stage-b-summary-v1,CASE_EDED67A505D6,PA-81,pending_resolution,true,existing_valid,legacy_cache_import,unknown_legacy_cache,8c6c6456a3c7adbda2194221dd3448dfb5ade994573c3ec788231c9111865324,complete,complete,validated,2023-10-15T05:10:01.275691+00:00,,true
stage-b-summary-v1,CASE_EE7F13CD9FB7,PN-28,pending_resolution,true,existing_valid,archived_http_response,unknown_archive_timezone,165a8345e5a7462589497068e522075f716cea99d539638912b5bde920ff81a7,complete,complete,validated,2023-09-05T01:42:57.168012+00:00,,true
stage-b-summary-v1,CASE_EECEB1B67DDF,PN-18,pending_resolution,true,existing_valid,legacy_cache_import,unknown_legacy_cache,830967590d05bdbc953b58670ea03d40463346d2952ef56ba08f0f70a0454bd8,complete,complete,validated,2023-08-10T22:08:47.876748+00:00,,true
stage-b-summary-v1,CASE_EFB57C0D7D17,PA-36,pending_resolution,true,existing_valid,legacy_cache_import,unknown_legacy_cache,2c9a0cdaa980c4e4b2cb28cbdb9793abb3dcc1a8cb442f7ed5e70bd3e1416e32,complete,complete,validated,2024-02-07T19:21:00.794516+00:00,,true
stage-b-summary-v1,CASE_F04D9F77AEBD,PA-20,pending_resolution,true,existing_valid,legacy_cache_import,unknown_legacy_cache,09e5ae6182ca98313e5aeb0fc4c900d0dae6fd9e927148c730cff51fbb2431ba,complete,complete,validated,2024-02-14T16:55:59.924440+00:00,,true
stage-b-summary-v1,CASE_F13F98792012,PN-51,pending_resolution,true,existing_valid,legacy_cache_import,unknown_legacy_cache,ecbad212a8e7528bcbbdc78d9840f7c5c31ac2065339e66358cd35e62afaf6f1,complete,complete,validated,2023-09-25T11:59:01.557490+00:00,,true
stage-b-summary-v1,CASE_F369A6C52AFC,PA-23,pending_resolution,true,existing_valid,legacy_cache_import,unknown_legacy_cache,ae07f32938f451fcd9926a8e4cb7ca15ddc009cb1bd34427baa26dd92e31eef4,complete,complete,validated,2024-01-07T13:22:01.017775+00:00,,true
stage-b-summary-v1,CASE_F7BED13B8119,PN-35,pending_resolution,true,existing_valid,legacy_cache_import,unknown_legacy_cache,efccba5b9893489bf877dab76ab9b10f2985cb197c5d0f6832379fb4c29d6657,complete,complete,validated,2023-07-15T21:52:50.143974+00:00,,true
stage-b-summary-v1,CASE_F850E0DE06D3,PA-76,pending_resolution,true,existing_valid,archived_http_response,unknown_archive_timezone,7e7f4f0813969da20bd90fa00c1dec066bced8a38c5c732afa417c1fa9fa08cc,complete,complete,validated,2023-06-02T14:41:51.583692+00:00,,true
stage-b-summary-v1,CASE_F9321AC6C899,PN-7,pending_resolution,true,existing_valid,legacy_cache_import,unknown_legacy_cache,baf12d42bbd90546b6448c2984a67d871a9f1e88b1f3bbaacc6984b22c56b1dc,complete,complete,validated,2023-11-15T01:37:44.466568+00:00,,true
stage-b-summary-v1,CASE_F93FFAA22B9B,PA-46,pending_resolution,true,existing_valid,archived_http_response,unknown_archive_timezone,23ec746b34395aebc2e69274fb0e4e1932572ee4b08c0b079de8107501023b44,complete,complete,validated,2023-07-07T21:09:50.169989+00:00,,true
stage-b-summary-v1,CASE_FAA2BE1ADE1A,PN-31,pending_resolution,true,existing_valid,legacy_cache_import,unknown_legacy_cache,13513588b27520ee535e329b05931cd5601ad3b17694c416a8038ccc80a6ded0,complete,complete,validated,2023-09-04T17:08:13.063387+00:00,,true
stage-b-summary-v1,CASE_FAEC584E837A,PN-49,pending_resolution,true,existing_valid,legacy_cache_import,unknown_legacy_cache,181bb54b4ff408ee3c0280b96de33460e65e6c8303ef7dec4537463e3fcbabac,complete,complete,validated,2023-09-28T18:33:06.703063+00:00,,true
stage-b-summary-v1,CASE_FE82721D67EB,PN-3,pending_resolution,true,existing_valid,legacy_cache_import,unknown_legacy_cache,1f80ed38ebf673f8b2ea754c450220e1c2fad8ebe0ad62c33147c1ddacc8176f,complete,complete,validated,2023-09-07T14:12:08.165512+00:00,,true
stage-b-summary-v1,CASE_FF56769ECD05,PA-39,pending_resolution,true,existing_valid,legacy_cache_import,unknown_legacy_cache,93f5219654083316ac511358d2ffa3f44fe524e115aa0daf85a6c94ec8813c95,complete,complete,validated,2024-04-04T21:42:57.891669+00:00,,true
